versao,coletado_em_utc,item_id,nome,descricao_texto,descricao_original,resumo,preco_combinacao_ouro,preco_total_ouro,preco_venda_ouro,componentes_ids_json,evolui_para_ids_json,categorias_json,atributos_json,efeitos_json,mapa_summoners_rift,compravel,oculto_da_loja,nivel_receita,campeao_requerido,imagem_url,fonte_url,FlatArmorMod,FlatCritChanceMod,FlatHPPoolMod,FlatHPRegenMod,FlatMPPoolMod,FlatMagicDamageMod,FlatMovementSpeedMod,FlatPhysicalDamageMod,FlatSpellBlockMod,PercentAttackSpeedMod,PercentLifeStealMod,PercentMovementSpeedMod
16.19.1,2026-09-25T01:42:44.216Z,1001,Botas,25 de Velocidade de Movimento,<mainText><stats><attention>25</attention> de Velocidade de Movimento</stats><br><br></mainText>,Aumenta levemente a Velocidade de Movimento,300,300,210,,"[""3005"",""3047"",""3008"",""3006"",""3009"",""3010"",""3020"",""3111"",""3117"",""3158""]","[""Boots""]","{""FlatMovementSpeedMod"":25}",,true,true,false,,,https://ddragon.leagueoflegends.com/cdn/16.19.1/img/item/1001.png,https://ddragon.leagueoflegends.com/cdn/16.19.1/data/pt_BR/item.json,,,,,,,25,,,,,
16.19.1,2026-09-25T01:42:44.216Z,1004,Amuleto da Fada,50% de Regeneração de Mana base,<mainText><stats><attention>50%</attention> de Regeneração de Mana base</stats><br><br></mainText>,Aumenta levemente a Regeneração de Mana,200,200,140,,"[""3114"",""3012"",""4642""]","[""ManaRegen""]",{},,true,true,false,,,https://ddragon.leagueoflegends.com/cdn/16.19.1/img/item/1004.png,https://ddragon.leagueoflegends.com/cdn/16.19.1/data/pt_BR/item.json,,,,,,,,,,,,
16.19.1,2026-09-25T01:42:44.216Z,1006,Pérola do Rejuvenescimento,100% de Regeneração de Vida base,<mainText><stats><attention>100%</attention> de Regeneração de Vida base</stats><br><br></mainText>,Aumenta levemente a Regeneração de Vida,300,300,120,,"[""3109"",""3211"",""323109"",""3801""]","[""HealthRegen""]",{},,true,true,false,,,https://ddragon.leagueoflegends.com/cdn/16.19.1/img/item/1006.png,https://ddragon.leagueoflegends.com/cdn/16.19.1/data/pt_BR/item.json,,,,,,,,,,,,
16.19.1,2026-09-25T01:42:44.216Z,1011,Cinto do Gigante,350 de Vida,<mainText><stats><attention>350</attention> de Vida</stats><br><br></mainText>,Aumenta drasticamente a Vida,500,900,630,"[""1028""]","[""4637"",""3084"",""2525"",""3039"",""3083"",""3116"",""3119"",""3143"",""323119"",""3748"",""6665"",""6609"",""6667"",""8001""]","[""Health""]","{""FlatHPPoolMod"":350}",,true,true,false,2,,https://ddragon.leagueoflegends.com/cdn/16.19.1/img/item/1011.png,https://ddragon.leagueoflegends.com/cdn/16.19.1/data/pt_BR/item.json,,,350,,,,,,,,,
16.19.1,2026-09-25T01:42:44.216Z,1018,Capa da Agilidade,15% de Chance de Acerto Crítico,<mainText><stats><attention>15%</attention> de Chance de Acerto Crítico</stats><br><br></mainText>,Aumenta a Chance de Acerto Crítico,600,600,420,,"[""123430"",""667666"",""3031"",""3086"",""6670"",""3033"",""3039"",""3508"",""3095"",""6676""]","[""CriticalStrike""]","{""FlatCritChanceMod"":0.15}",,true,true,false,,,https://ddragon.leagueoflegends.com/cdn/16.19.1/img/item/1018.png,https://ddragon.leagueoflegends.com/cdn/16.19.1/data/pt_BR/item.json,,0.15,,,,,,,,,,
16.19.1,2026-09-25T01:42:44.216Z,1026,Varinha Explosiva,45 de Poder de Habilidade,<mainText><stats><attention>45</attention> de Poder de Habilidade</stats><br><br></mainText>,Aumenta moderadamente o Poder de Habilidade,850,850,595,,"[""2522"",""3100"",""326621"",""4637"",""3135"",""3165"",""3115"",""324005"",""2510"",""3116"",""3118"",""326657"",""6621"",""6657""]","[""SpellDamage""]","{""FlatMagicDamageMod"":45}",,true,true,false,,,https://ddragon.leagueoflegends.com/cdn/16.19.1/img/item/1026.png,https://ddragon.leagueoflegends.com/cdn/16.19.1/data/pt_BR/item.json,,,,,,45,,,,,,
16.19.1,2026-09-25T01:42:44.216Z,1027,Cristal de Safira,300 de Mana,<mainText><stats><attention>300</attention> de Mana</stats><br><br></mainText>,Aumenta a Mana,300,300,210,,"[""3024"",""3802"",""3803""]","[""Mana""]","{""FlatMPPoolMod"":300}",,true,true,false,,,https://ddragon.leagueoflegends.com/cdn/16.19.1/img/item/1027.png,https://ddragon.leagueoflegends.com/cdn/16.19.1/data/pt_BR/item.json,,,,,300,,,,,,,
16.19.1,2026-09-25T01:42:44.216Z,1028,Cristal de Rubi,150 de Vida,<mainText><stats><attention>150</attention> de Vida</stats><br><br></mainText>,Aumenta a Vida,400,400,280,,"[""3742"",""1011"",""3068"",""2021"",""323222"",""323075"",""326617"",""323107"",""3012"",""3147"",""3067"",""3211"",""2502"",""322526"",""2526"",""3023"",""3044"",""3053"",""3066"",""3075"",""3152"",""3161"",""3801"",""3803"",""4401"",""4635"",""6035"",""6660"",""6662""]","[""Health""]","{""FlatHPPoolMod"":150}",,true,true,false,,,https://ddragon.leagueoflegends.com/cdn/16.19.1/img/item/1028.png,https://ddragon.leagueoflegends.com/cdn/16.19.1/data/pt_BR/item.json,,,150,,,,,,,,,
16.19.1,2026-09-25T01:42:44.216Z,1029,Couraça de Pano,15 de Armadura,<mainText><stats><attention>15</attention> de Armadura</stats><br><br></mainText>,Aumenta levemente a Armadura,300,300,210,,"[""2421"",""2420"",""1031"",""323050"",""323190"",""2019"",""3193"",""3047"",""3024"",""3050"",""2524"",""3023"",""3076"",""3082"",""3105"",""3190""]","[""Armor""]","{""FlatArmorMod"":15}",,true,true,false,,,https://ddragon.leagueoflegends.com/cdn/16.19.1/img/item/1029.png,https://ddragon.leagueoflegends.com/cdn/16.19.1/data/pt_BR/item.json,15,,,,,,,,,,,
16.19.1,2026-09-25T01:42:44.216Z,1031,Cota de Malha,40 de Armadura,<mainText><stats><attention>40</attention> de Armadura</stats><br><br></mainText>,Aumenta drasticamente a Armadura,500,800,560,"[""1029""]","[""3742"",""3068"",""323002"",""3109"",""323075"",""2502"",""3002"",""3075"",""323109"",""6665"",""6662""]","[""Armor""]","{""FlatArmorMod"":40}",,true,true,false,2,,https://ddragon.leagueoflegends.com/cdn/16.19.1/img/item/1031.png,https://ddragon.leagueoflegends.com/cdn/16.19.1/data/pt_BR/item.json,40,,,,,,,,,,,
16.19.1,2026-09-25T01:42:44.216Z,1033,Manto Anula-Magia,20 de Resistência Mágica,<mainText><stats><attention>20</attention> de Resistência Mágica</stats><br><br></mainText>,Aumenta levemente a Resistência Mágica,400,400,280,,"[""1057"",""3140"",""323050"",""323190"",""3193"",""3050"",""3001"",""3211"",""2524"",""3155"",""3105"",""3111"",""3190"",""4632""]","[""SpellBlock""]","{""FlatSpellBlockMod"":20}",,true,true,false,,,https://ddragon.leagueoflegends.com/cdn/16.19.1/img/item/1033.png,https://ddragon.leagueoflegends.com/cdn/16.19.1/data/pt_BR/item.json,,,,,,,,,20,,,
16.19.1,2026-09-25T01:42:44.216Z,1036,Espada Longa,10 de Dano de Ataque,<mainText><stats><attention>10</attention> de Dano de Ataque</stats><br><br></mainText>,Aumenta levemente o Dano de Ataque,350,350,245,,"[""1053"",""4003"",""6701"",""2015"",""2019"",""2021"",""3077"",""6670"",""3133"",""2517"",""323004"",""3142"",""3004"",""2523"",""3032"",""3035"",""3044"",""3051"",""3155"",""6690"",""3123"",""3134"",""6699"",""6671"",""6692""]","[""Damage"",""Lane""]","{""FlatPhysicalDamageMod"":10}",,true,true,false,,,https://ddragon.leagueoflegends.com/cdn/16.19.1/img/item/1036.png,https://ddragon.leagueoflegends.com/cdn/16.19.1/data/pt_BR/item.json,,,,,,,,10,,,,
16.19.1,2026-09-25T01:42:44.216Z,1037,Picareta,25 de Dano de Ataque,<mainText><stats><attention>25</attention> de Dano de Ataque</stats><br><br></mainText>,Aumenta moderadamente o Dano de Ataque,875,875,613,,"[""667666"",""3071"",""6333"",""3031"",""3153"",""6701"",""2020"",""2517"",""3087"",""6695"",""2523"",""3053"",""3072"",""3124"",""3181"",""3139"",""3161"",""6029"",""6035"",""6673"",""6676"",""6692""]","[""Damage""]","{""FlatPhysicalDamageMod"":25}",,true,true,false,,,https://ddragon.leagueoflegends.com/cdn/16.19.1/img/item/1037.png,https://ddragon.leagueoflegends.com/cdn/16.19.1/data/pt_BR/item.json,,,,,,,,25,,,,
16.19.1,2026-09-25T01:42:44.216Z,1038,Espada G. p. C.,40 de Dano de Ataque,<mainText><stats><attention>40</attention> de Dano de Ataque</stats><br><br></mainText>,Aumenta drasticamente o Dano de Ataque,1300,1300,910,,"[""3031"",""3026"",""3032"",""3072"",""3095"",""4403"",""6671""]","[""Damage""]","{""FlatPhysicalDamageMod"":40}",,true,true,false,,,https://ddragon.leagueoflegends.com/cdn/16.19.1/img/item/1038.png,https://ddragon.leagueoflegends.com/cdn/16.19.1/data/pt_BR/item.json,,,,,,,,40,,,,
16.19.1,2026-09-25T01:42:44.216Z,1042,Adaga,10% de Velocidade de Ataque,<mainText><stats><attention>10%</attention> de Velocidade de Ataque</stats><br><br></mainText>,Aumenta levemente a Velocidade de Ataque,250,250,175,,"[""1043"",""3086"",""2510"",""3006"",""3046"",""3051"",""3073"",""3131"",""3144"",""6631"",""6675"",""6677""]","[""AttackSpeed""]","{""PercentAttackSpeedMod"":0.1}",,true,true,false,,,https://ddragon.leagueoflegends.com/cdn/16.19.1/img/item/1042.png,https://ddragon.leagueoflegends.com/cdn/16.19.1/data/pt_BR/item.json,,,,,,,,,,0.1,,
16.19.1,2026-09-25T01:42:44.216Z,1043,Arco Recurvo,"15% de Velocidade de Ataque

Ferroada
Os ataques causam 15 de Dano Físico adicional ao contato.",<mainText><stats><attention>15%</attention> de Velocidade de Ataque</stats><br><br><passive>Ferroada</passive><br>Os ataques causam <physicalDamage>15 de Dano Físico adicional</physicalDamage> <OnHit>ao contato</OnHit>.</mainText>,Aumenta drasticamente a Velocidade de Ataque,450,700,490,"[""1042""]","[""3302"",""3153"",""3115"",""6672"",""3091"",""3124""]","[""AttackSpeed"",""OnHit""]","{""PercentAttackSpeedMod"":0.15}",,true,true,false,2,,https://ddragon.leagueoflegends.com/cdn/16.19.1/img/item/1043.png,https://ddragon.leagueoflegends.com/cdn/16.19.1/data/pt_BR/item.json,,,,,,,,,,0.15,,
16.19.1,2026-09-25T01:42:44.216Z,1052,Tomo Amplificador,20 de Poder de Habilidade,<mainText><stats><attention>20</attention> de Poder de Habilidade</stats><br><br></mainText>,Aumenta levemente o Poder de Habilidade,400,400,280,,"[""3113"",""2421"",""2420"",""3145"",""124011"",""4637"",""3916"",""6656"",""3147"",""3146"",""3802"",""4005"",""2508"",""326616"",""3108"",""3116"",""3124"",""4630"",""323504"",""4628"",""4632"",""4635"",""4642"",""4644""]","[""SpellDamage""]","{""FlatMagicDamageMod"":20}",,true,true,false,,,https://ddragon.leagueoflegends.com/cdn/16.19.1/img/item/1052.png,https://ddragon.leagueoflegends.com/cdn/16.19.1/data/pt_BR/item.json,,,,,,20,,,,,,
16.19.1,2026-09-25T01:42:44.216Z,1053,Cetro Vampírico,"15 de Dano de Ataque
7% de Roubo de Vida",<mainText><stats><attention>15</attention> de Dano de Ataque<br><attention>7%</attention> de Roubo de Vida</stats><br><br></mainText>,Ataques básicos restauram Vida,550,900,630,"[""1036""]","[""3153"",""3146"",""3072"",""3074"",""3139"",""4403""]","[""Damage"",""LifeSteal""]","{""FlatPhysicalDamageMod"":15,""PercentLifeStealMod"":0.07}",,true,true,false,2,,https://ddragon.leagueoflegends.com/cdn/16.19.1/img/item/1053.png,https://ddragon.leagueoflegends.com/cdn/16.19.1/data/pt_BR/item.json,,,,,,,,15,,,0.07,
16.19.1,2026-09-25T01:42:44.216Z,1054,Escudo de Doran,"110 de Vida

Foco Definitivo
Restaura 4 de Vida a cada 5s.
Após sofrer dano de um Campeão, restaura Vida ao longo de 8s.

Ajudinha
Ataques causam 5 de Dano Físico adicional a tropas.","<mainText><stats><attention>110</attention> de Vida</stats><br><br><passive>Foco Definitivo</passive><br>Restaura <healing>4 de Vida</healing> a cada 5s. <br>Após sofrer dano de um Campeão, restaura <healing>Vida</healing> ao longo de 8s.<br><br><passive>Ajudinha</passive><br>Ataques causam <physicalDamage>5 de Dano Físico adicional</physicalDamage> a tropas.</mainText>",Bom item iniciante defensivo,450,450,180,,,"[""Health"",""HealthRegen"",""Lane""]","{""FlatHPPoolMod"":110,""FlatHPRegenMod"":0.8}","{""Effect1Amount"":""8"",""Effect2Amount"":""5"",""Effect3Amount"":""45"",""Effect4Amount"":""0.66""}",true,true,false,,,https://ddragon.leagueoflegends.com/cdn/16.19.1/img/item/1054.png,https://ddragon.leagueoflegends.com/cdn/16.19.1/data/pt_BR/item.json,,,110,0.8,,,,,,,,
16.19.1,2026-09-25T01:42:44.216Z,1055,Lâmina de Doran,"10 de Dano de Ataque
80 de Vida
2.5% de Vampirismo Universal",<mainText><stats><attention>10</attention> de Dano de Ataque<br><attention>80</attention> de Vida<br><attention>2.5%</attention> de Vampirismo Universal</stats><br><br></mainText>,Bom item iniciante para atacantes,450,450,180,,,"[""Health"",""Damage"",""LifeSteal"",""SpellVamp"",""Lane""]","{""FlatHPPoolMod"":80,""FlatPhysicalDamageMod"":10}",,true,true,false,,,https://ddragon.leagueoflegends.com/cdn/16.19.1/img/item/1055.png,https://ddragon.leagueoflegends.com/cdn/16.19.1/data/pt_BR/item.json,,,80,,,,,10,,,,
16.19.1,2026-09-25T01:42:44.216Z,1056,Anel de Doran,"18 de Poder de Habilidade
90 de Vida

Drenar
Restaura 1 de Mana por segundo, aumentado para 2 de Mana por segundo por 5s após causar dano a um Campeão inimigo. Caso você não possa receber Mana, cura em 45% do mesmo valor.

Ajudinha
Os ataques causam 5 de Dano Físico adicional a tropas.","<mainText><stats><attention>18</attention> de Poder de Habilidade<br><attention>90</attention> de Vida</stats><br><br><passive>Drenar</passive><br>Restaura <scaleMana>1 de Mana</scaleMana> por segundo, aumentado para <scaleMana>2 de Mana</scaleMana> por segundo por 5s após causar dano a um Campeão inimigo. Caso você não possa receber Mana, <healing>cura em 45%</healing> do mesmo valor.<br><br><passive>Ajudinha</passive><br>Os ataques causam <physicalDamage>5 de Dano Físico</physicalDamage> adicional a tropas.</mainText>",Bom item iniciante para conjuradores,400,400,160,,,"[""Health"",""Lane"",""ManaRegen"",""SpellDamage""]","{""FlatHPPoolMod"":90,""FlatMagicDamageMod"":18}",,true,true,false,,,https://ddragon.leagueoflegends.com/cdn/16.19.1/img/item/1056.png,https://ddragon.leagueoflegends.com/cdn/16.19.1/data/pt_BR/item.json,,,90,,,18,,,,,,
16.19.1,2026-09-25T01:42:44.216Z,1057,Capa Negatron,45 de Resistência Mágica,<mainText><stats><attention>45</attention> de Resistência Mágica</stats><br><br></mainText>,Aumenta moderadamente a Resistência Mágica,450,850,595,"[""1033""]","[""2504"",""8020"",""328020"",""3091"",""6665"",""4401""]","[""SpellBlock""]","{""FlatSpellBlockMod"":45}",,true,true,false,2,,https://ddragon.leagueoflegends.com/cdn/16.19.1/img/item/1057.png,https://ddragon.leagueoflegends.com/cdn/16.19.1/data/pt_BR/item.json,,,,,,,,,45,,,
16.19.1,2026-09-25T01:42:44.216Z,1058,Bastão Desnecessariamente Grande,65 de Poder de Habilidade,<mainText><stats><attention>65</attention> de Poder de Habilidade</stats><br><br></mainText>,Aumenta drasticamente o Poder de Habilidade,1200,1200,840,,"[""3157"",""4645"",""3089"",""3102"",""3128"",""4403""]","[""SpellDamage""]","{""FlatMagicDamageMod"":65}",,true,true,false,,,https://ddragon.leagueoflegends.com/cdn/16.19.1/img/item/1058.png,https://ddragon.leagueoflegends.com/cdn/16.19.1/data/pt_BR/item.json,,,,,,65,,,,,,
16.19.1,2026-09-25T01:42:44.216Z,1082,Lacre Sombrio,"15 de Poder de Habilidade
50 de Vida

Glória
Abates concedem Glória, até um máximo de 10. Perde 5 de Glória ao morrer.
Recebe 4 de Poder de Habilidade por acúmulo de Glória.","<mainText><stats><attention>15</attention> de Poder de Habilidade<br><attention>50</attention> de Vida</stats><br><br><passive>Glória</passive><br><keyword>Abates</keyword> concedem <passive>Glória</passive>, até um máximo de 10. Perde 5 <passive>de Glória</passive> ao morrer.<br>Recebe <scaleAP>4 de Poder de Habilidade</scaleAP> por acúmulo de <passive>Glória</passive>.</mainText>",Proporciona Poder de Habilidade e Mana. Seu poder aumenta conforme abate inimigos.,350,350,140,,"[""3041""]","[""Health"",""SpellDamage"",""Lane""]","{""FlatHPPoolMod"":50,""FlatMagicDamageMod"":15}",,true,true,false,,,https://ddragon.leagueoflegends.com/cdn/16.19.1/img/item/1082.png,https://ddragon.leagueoflegends.com/cdn/16.19.1/data/pt_BR/item.json,,,50,,,15,,,,,,
16.19.1,2026-09-25T01:42:44.216Z,1083,Abatedora,"7 de Dano de Ataque

Ceifar
Restaura 3 de Vidaao contato.
Abater uma tropa concede 1 de ouro, até um máximo de 100. Atingir o limite concede mais 350 de ouro.","<mainText><stats><attention>7</attention> de Dano de Ataque</stats><br><br><passive>Ceifar</passive><br>Restaura <healing>3 de Vida</healing><OnHit>ao contato</OnHit>.<br>Abater uma tropa concede <gold>1 de ouro</gold>, até um máximo de <gold>100</gold>. Atingir o limite concede mais <gold>350 de ouro</gold>.<br></mainText>",Proporciona dano e Roubo de Vida ao contato. Abater tropas concede ouro adicional,450,450,180,,,"[""Damage"",""OnHit"",""Lane""]","{""FlatPhysicalDamageMod"":7}",,true,true,false,,,https://ddragon.leagueoflegends.com/cdn/16.19.1/img/item/1083.png,https://ddragon.leagueoflegends.com/cdn/16.19.1/data/pt_BR/item.json,,,,,,,,7,,,,
16.19.1,2026-09-25T01:42:44.216Z,1086,Arco de Doran,"8 de Dano de Ataque
15% de Velocidade de Ataque
1.5% de Vampirismo Universal",<mainText><stats><attention>8</attention> de Dano de Ataque<br><attention>15%</attention> de Velocidade de Ataque<br><attention>1.5%</attention> de Vampirismo Universal</stats><br><br></mainText>,,400,400,160,,,"[""Damage"",""AttackSpeed"",""SpellVamp"",""Lane""]","{""FlatPhysicalDamageMod"":8,""PercentAttackSpeedMod"":0.15}",,true,true,false,,,https://ddragon.leagueoflegends.com/cdn/16.19.1/img/item/1086.png,https://ddragon.leagueoflegends.com/cdn/16.19.1/data/pt_BR/item.json,,,,,,,,8,,0.15,,
16.19.1,2026-09-25T01:42:44.216Z,1101,Filhote de Garrabrasa,"Companheiros da Selva
Invoca um Garrabrasa para ajudar você contra monstros.

O companheiro cresce conforme você caça mais monstros, fortalecendo seu Golpear. Ao crescer completamente, ele cumpre a missão da selva e imbui esporadicamente seu próximo Ataque ou Habilidade para queimar inimigos e causar Lentidão a eles. Abater monstros grandes ativa esse efeito imediatamente.","<mainText><stats></stats><br><br><passive>Companheiros da Selva</passive><br>Invoca um <font color='#DD2E2E'>Garrabrasa</font> para ajudar você contra monstros.<br><br>O companheiro cresce conforme você caça mais monstros, fortalecendo seu <spellName>Golpear</spellName>. Ao crescer completamente, ele cumpre a missão da selva e imbui esporadicamente seu próximo Ataque ou Habilidade para queimar inimigos e causar <status>Lentidão</status> a eles. Abater monstros grandes ativa esse efeito imediatamente.</mainText>",,450,450,0,,,"[""Jungle""]",{},,true,true,false,,,https://ddragon.leagueoflegends.com/cdn/16.19.1/img/item/1101.png,https://ddragon.leagueoflegends.com/cdn/16.19.1/data/pt_BR/item.json,,,,,,,,,,,,
16.19.1,2026-09-25T01:42:44.216Z,1102,Cria de Andabrisas,"Companheiros da Selva
Invoca um Andabrisas para ajudar você contra monstros.

O companheiro cresce conforme você caça mais monstros, fortalecendo seu Golpear. Ao crescer completamente, ele cumpre a missão da selva e concede Velocidade de Movimento ao entrar em um arbusto, que aumenta ao abater monstros grandes.","<mainText><stats></stats><br><br><passive>Companheiros da Selva</passive><br>Invoca um <font color='#38A8E8'>Andabrisas</font> para ajudar você contra monstros.<br><br>O companheiro cresce conforme você caça mais monstros, fortalecendo seu <spellName>Golpear</spellName>. Ao crescer completamente, ele cumpre a missão da selva e concede <speed>Velocidade de Movimento</speed> ao entrar em um arbusto, que aumenta ao abater monstros grandes.</mainText>",,450,450,0,,,"[""Jungle""]",{},"{""Effect1Amount"":""60"",""Effect2Amount"":""25"",""Effect3Amount"":""5"",""Effect4Amount"":""8""}",true,true,false,,,https://ddragon.leagueoflegends.com/cdn/16.19.1/img/item/1102.png,https://ddragon.leagueoflegends.com/cdn/16.19.1/data/pt_BR/item.json,,,,,,,,,,,,
16.19.1,2026-09-25T01:42:44.216Z,1103,Broto de Esmagamusgo,"Companheiros da Selva
Invoca um Esmagamusgo para ajudar você contra monstros.

O companheiro cresce conforme você caça mais monstros, fortalecendo seu Golpear. Ao crescer completamente, ele cumpre a missão da selva e concede um Escudo quando fora de combate e ao abater monstros grandes.","<mainText><stats></stats><br><br><passive>Companheiros da Selva</passive><br>Invoca um <font color='#1CA935'>Esmagamusgo</font> para ajudar você contra monstros.<br><br>O companheiro cresce conforme você caça mais monstros, fortalecendo seu <spellName>Golpear</spellName>. Ao crescer completamente, ele cumpre a missão da selva e concede um Escudo quando fora de combate e ao abater monstros grandes.</mainText>",,450,450,0,,,"[""Jungle""]",{},,true,true,false,,,https://ddragon.leagueoflegends.com/cdn/16.19.1/img/item/1103.png,https://ddragon.leagueoflegends.com/cdn/16.19.1/data/pt_BR/item.json,,,,,,,,,,,,
16.19.1,2026-09-25T01:42:44.216Z,1105,Broto de Esmagamusgo,"Companheiros da Selva
Invoca um Esmagamusgo para ajudar você contra monstros.

O companheiro cresce conforme você caça mais monstros, fortalecendo seu Golpear. Ao crescer completamente, ele cumpre a missão da selva e concede um Escudo quando fora de combate e ao abater monstros grandes.","<mainText><stats></stats><br><br><passive>Companheiros da Selva</passive><br>Invoca um <font color='#1CA935'>Esmagamusgo</font> para ajudar você contra monstros.<br><br>O companheiro cresce conforme você caça mais monstros, fortalecendo seu <spellName>Golpear</spellName>. Ao crescer completamente, ele cumpre a missão da selva e concede um Escudo quando fora de combate e ao abater monstros grandes.</mainText>",,450,450,180,,,"[""Jungle""]",{},"{""Effect1Amount"":""60"",""Effect2Amount"":""25"",""Effect3Amount"":""5"",""Effect4Amount"":""8""}",true,true,false,,,https://ddragon.leagueoflegends.com/cdn/16.19.1/img/item/1105.png,https://ddragon.leagueoflegends.com/cdn/16.19.1/data/pt_BR/item.json,,,,,,,,,,,,
16.19.1,2026-09-25T01:42:44.216Z,1106,Cria de Andabrisas,"Companheiros da Selva
Invoca um Andabrisas para ajudar você contra monstros.

O companheiro cresce conforme você caça mais monstros, fortalecendo seu Golpear. Ao crescer completamente, ele cumpre a missão da selva e concede Velocidade de Movimento ao entrar em um arbusto, que aumenta ao abater monstros grandes.","<mainText><stats></stats><br><br><passive>Companheiros da Selva</passive><br>Invoca um <font color='#38A8E8'>Andabrisas</font> para ajudar você contra monstros.<br><br>O companheiro cresce conforme você caça mais monstros, fortalecendo seu <spellName>Golpear</spellName>. Ao crescer completamente, ele cumpre a missão da selva e concede <speed>Velocidade de Movimento</speed> ao entrar em um arbusto, que aumenta ao abater monstros grandes.</mainText>",,450,450,180,,,"[""Jungle""]",{},"{""Effect1Amount"":""60"",""Effect2Amount"":""25"",""Effect3Amount"":""5"",""Effect4Amount"":""8""}",true,true,false,,,https://ddragon.leagueoflegends.com/cdn/16.19.1/img/item/1106.png,https://ddragon.leagueoflegends.com/cdn/16.19.1/data/pt_BR/item.json,,,,,,,,,,,,
16.19.1,2026-09-25T01:42:44.216Z,1107,Filhote de Garrabrasa,"Companheiros da Selva
Invoca um Garrabrasa para ajudar você contra monstros.

O companheiro cresce conforme você caça mais monstros, fortalecendo seu Golpear. Ao crescer completamente, ele cumpre a missão da selva e imbui esporadicamente seu próximo Ataque ou Habilidade para queimar inimigos e causar Lentidão a eles. Abater monstros grandes ativa esse efeito imediatamente.","<mainText><stats></stats><br><br><passive>Companheiros da Selva</passive><br>Invoca um <font color='#DD2E2E'>Garrabrasa</font> para ajudar você contra monstros.<br><br>O companheiro cresce conforme você caça mais monstros, fortalecendo seu <spellName>Golpear</spellName>. Ao crescer completamente, ele cumpre a missão da selva e imbui esporadicamente seu próximo Ataque ou Habilidade para queimar inimigos e causar <status>Lentidão</status> a eles. Abater monstros grandes ativa esse efeito imediatamente.</mainText>",,450,450,180,,,"[""Jungle""]",{},,true,true,false,,,https://ddragon.leagueoflegends.com/cdn/16.19.1/img/item/1107.png,https://ddragon.leagueoflegends.com/cdn/16.19.1/data/pt_BR/item.json,,,,,,,,,,,,
16.19.1,2026-09-25T01:42:44.216Z,1120,Elmo de Doran,"150 de Vida
8 de Armadura
8 de Resistência Mágica

Ajudinha
Os ataques causam 5 de Dano Físico adicional a tropas.",<mainText><stats><attention>150</attention> de Vida<br><attention>8</attention> de Armadura<br><attention>8</attention> de Resistência Mágica</stats><br><br><passive>Ajudinha</passive><br>Os ataques causam <physicalDamage>5 de Dano Físico</physicalDamage> adicional a tropas.</mainText>,,450,450,180,,,"[""Health"",""SpellBlock"",""Armor"",""Lane""]","{""FlatSpellBlockMod"":8,""FlatHPPoolMod"":150,""FlatArmorMod"":8}",,true,true,false,,,https://ddragon.leagueoflegends.com/cdn/16.19.1/img/item/1120.png,https://ddragon.leagueoflegends.com/cdn/16.19.1/data/pt_BR/item.json,8,,150,,,,,,8,,,
16.19.1,2026-09-25T01:42:44.216Z,2003,Poção de Vida,"Consumir
Restaura 120 de Vida ao longo de 15s.",<mainText><stats></stats><br><br><active>Consumir</active><br>Restaura <healing>120 de Vida</healing> ao longo de 15s.</mainText>,Consuma para restaurar Vida ao longo do tempo,50,50,20,,,"[""HealthRegen"",""Consumable"",""Lane"",""Jungle""]",{},,true,true,false,,,https://ddragon.leagueoflegends.com/cdn/16.19.1/img/item/2003.png,https://ddragon.leagueoflegends.com/cdn/16.19.1/data/pt_BR/item.json,,,,,,,,,,,,
16.19.1,2026-09-25T01:42:44.216Z,2019,Sigilo de Aço,"15 de Dano de Ataque
30 de Armadura",<mainText><stats><attention>15</attention> de Dano de Ataque<br><attention>30</attention> de Armadura</stats><br><br></mainText>,,150,1100,770,"[""1029"",""1036"",""1029""]","[""6333"",""6700"",""3026""]","[""Armor"",""Damage""]","{""FlatArmorMod"":30,""FlatPhysicalDamageMod"":15}",,true,true,false,2,,https://ddragon.leagueoflegends.com/cdn/16.19.1/img/item/2019.png,https://ddragon.leagueoflegends.com/cdn/16.19.1/data/pt_BR/item.json,30,,,,,,,15,,,,
16.19.1,2026-09-25T01:42:44.216Z,2020,Brutalizador,"25 de Dano de Ataque
10 de Aceleração de Habilidade
5 de Letalidade",<mainText><stats><attention>25</attention> de Dano de Ataque<br><attention>10</attention> de Aceleração de Habilidade<br><attention>5</attention> de Letalidade</stats><br><br></mainText>,,212,1337,936,"[""2022"",""1037""]","[""6698"",""2520"",""6699"",""6696""]","[""Damage"",""CooldownReduction"",""ArmorPenetration""]","{""FlatPhysicalDamageMod"":25}",,true,true,false,2,,https://ddragon.leagueoflegends.com/cdn/16.19.1/img/item/2020.png,https://ddragon.leagueoflegends.com/cdn/16.19.1/data/pt_BR/item.json,,,,,,,,25,,,,
16.19.1,2026-09-25T01:42:44.216Z,2021,Tunelizador,"15 de Dano de Ataque
250 de Vida",<mainText><stats><attention>15</attention> de Dano de Ataque<br><attention>250</attention> de Vida</stats><br><br></mainText>,,400,1150,805,"[""1036"",""1028""]","[""2501"",""3053"",""3073"",""3814"",""3181"",""3161"",""3748"",""6610""]","[""Health"",""Damage""]","{""FlatHPPoolMod"":250,""FlatPhysicalDamageMod"":15}",,true,true,false,2,,https://ddragon.leagueoflegends.com/cdn/16.19.1/img/item/2021.png,https://ddragon.leagueoflegends.com/cdn/16.19.1/data/pt_BR/item.json,,,250,,,,,15,,,,
16.19.1,2026-09-25T01:42:44.216Z,2022,Partícula Brilhante,5 de Aceleração de Habilidade,<mainText><stats><attention>5</attention> de Aceleração de Habilidade</stats><br><br></mainText>,,250,250,175,,"[""2020"",""3024"",""3133"",""3802"",""3067"",""3057"",""3108"",""3158"",""4642"",""6660""]","[""CooldownReduction""]",{},,true,true,false,,,https://ddragon.leagueoflegends.com/cdn/16.19.1/img/item/2022.png,https://ddragon.leagueoflegends.com/cdn/16.19.1/data/pt_BR/item.json,,,,,,,,,,,,
16.19.1,2026-09-25T01:42:44.216Z,2031,Poção com Refil,"Ativo (2 cargas)
Restaura 100 de Vida ao longo de 12s.
Recarrega ao visitar a loja.",<mainText><stats></stats><br><br><active>Ativo</active> (2 cargas)<br>Restaura <healing>100 de Vida</healing> ao longo de 12s. <br>Recarrega ao visitar a loja.</mainText>,Restaura Vida ao longo do tempo. Recarrega na loja,150,150,60,,"[""2033""]","[""HealthRegen"",""Consumable"",""Active"",""Lane"",""Jungle""]",{},,true,true,false,,,https://ddragon.leagueoflegends.com/cdn/16.19.1/img/item/2031.png,https://ddragon.leagueoflegends.com/cdn/16.19.1/data/pt_BR/item.json,,,,,,,,,,,,
16.19.1,2026-09-25T01:42:44.216Z,2051,Berrante do Guardião,"150 de Vida

Recuperação: restaura 20 de Vida a cada 5s.Impassível: bloqueia 15 de dano sofrido de Ataques e Habilidades de Campeões (25% de eficácia contra Habilidades de dano ao longo do tempo).",<mainText><stats><attention>150</attention> de Vida</stats><br><br><br><li><passive>Recuperação:</passive> restaura <healing>20 de Vida</healing> a cada 5s.<li><passive>Impassível:</passive> bloqueia 15 de dano sofrido de Ataques e Habilidades de Campeões (25% de eficácia contra Habilidades de dano ao longo do tempo).<br></mainText>,Bom item iniciante para tanques,950,950,665,,,"[""Health"",""HealthRegen"",""Lane""]","{""FlatHPPoolMod"":150,""FlatHPRegenMod"":4}","{""Effect1Amount"":""15"",""Effect2Amount"":""0.25""}",true,true,false,,,https://ddragon.leagueoflegends.com/cdn/16.19.1/img/item/2051.png,https://ddragon.leagueoflegends.com/cdn/16.19.1/data/pt_BR/item.json,,,150,4,,,,,,,,
16.19.1,2026-09-25T01:42:44.216Z,2055,Sentinela de Controle,"Consumir
Posiciona uma Sentinela de Controle que concede visão e revela Sentinelas Invisíveis inimigas, armadilhas e inimigos Camuflados.","<mainText><stats></stats><br><br><active>Consumir</active><br>Posiciona uma Sentinela de Controle que concede visão e revela Sentinelas Invisíveis inimigas, armadilhas e inimigos <keywordStealth>Camuflados</keywordStealth>.</mainText>",Usada para desativar sentinelas e armadilhas invisíveis em uma área,75,75,30,,,"[""Consumable"",""Lane"",""Stealth"",""Vision""]",{},"{""Effect1Amount"":""1"",""Effect2Amount"":""2""}",true,true,false,,,https://ddragon.leagueoflegends.com/cdn/16.19.1/img/item/2055.png,https://ddragon.leagueoflegends.com/cdn/16.19.1/data/pt_BR/item.json,,,,,,,,,,,,
16.19.1,2026-09-25T01:42:44.216Z,2065,Hino Bélico de Shurelya,"50 de Poder de Habilidade
15 de Aceleração de Habilidade
4% de Velocidade de Movimento
125% de Regeneração de Mana base

Discurso Inspirador
Concede aos aliados próximos 30% de Velocidade de Movimento por 4s.",<mainText><stats><attention>50</attention> de Poder de Habilidade<br><attention>15</attention> de Aceleração de Habilidade<br><attention>4%</attention> de Velocidade de Movimento<br><attention>125%</attention> de Regeneração de Mana base</stats><br><br><active>Discurso Inspirador</active><br>Concede aos aliados próximos <speed>30% de Velocidade de Movimento</speed> por 4s.</mainText>,Ative para acelerar aliados próximos,400,2200,1540,"[""3113"",""4642""]",,"[""SpellDamage"",""ManaRegen"",""Active"",""CooldownReduction"",""NonbootsMovement"",""AbilityHaste""]","{""FlatMagicDamageMod"":50,""PercentMovementSpeedMod"":0.04}",,true,true,false,3,,https://ddragon.leagueoflegends.com/cdn/16.19.1/img/item/2065.png,https://ddragon.leagueoflegends.com/cdn/16.19.1/data/pt_BR/item.json,,,,,,50,,,,,,0.04
16.19.1,2026-09-25T01:42:44.216Z,2138,Elixir de Ferro,"Consumir
Concede 300 de Vida, 25% de Tenacidade e aumenta o tamanho por 3min. Enquanto ativo, você deixa um rastro atrás de você que aumenta em 15% a Velocidade de Movimento dos Campeões aliados.","<mainText><stats></stats><br><br><active>Consumir</active><br>Concede <scaleHealth>300 de Vida</scaleHealth>, 25% de Tenacidade e aumenta o tamanho por 3min. Enquanto ativo, você deixa um rastro atrás de você que aumenta em <speed>15% a Velocidade de Movimento</speed> dos Campeões aliados.</mainText>",Temporariamente aumenta as defesas. Deixa um rastro para que seus aliados sigam,500,500,200,,,"[""Health"",""Consumable"",""NonbootsMovement"",""Tenacity""]",{},"{""Effect1Amount"":""300"",""Effect2Amount"":""0.25"",""Effect3Amount"":""3"",""Effect4Amount"":""0.15"",""Effect5Amount"":""0.15"",""Effect6Amount"":""0"",""Effect7Amount"":""0"",""Effect8Amount"":""9""}",true,true,false,,,https://ddragon.leagueoflegends.com/cdn/16.19.1/img/item/2138.png,https://ddragon.leagueoflegends.com/cdn/16.19.1/data/pt_BR/item.json,,,,,,,,,,,,
16.19.1,2026-09-25T01:42:44.216Z,2139,Elixir da Feitiçaria,"Consumir
Concede 50 de Poder de Habilidade e 15% de Regeneração de Mana por 3min. Enquanto ativo, causar dano a um Campeão ou torre causa 25 de Dano Verdadeiro adicional (5s contra Campeões).","<mainText><stats></stats><br><br><active>Consumir</active><br>Concede <scaleAP>50 de Poder de Habilidade</scaleAP> e <scaleMana>15% de Regeneração de Mana</scaleMana> por 3min. Enquanto ativo, causar dano a um Campeão ou torre causa <trueDamage>25 de Dano Verdadeiro</trueDamage> adicional (5s contra Campeões).</mainText>",Temporariamente concede Poder de Habilidade e dano adicional a Campeões e torres,500,500,200,,,"[""Consumable"",""ManaRegen"",""SpellDamage""]",{},"{""Effect1Amount"":""50"",""Effect2Amount"":""50"",""Effect3Amount"":""25"",""Effect4Amount"":""3"",""Effect5Amount"":""5"",""Effect6Amount"":""3"",""Effect7Amount"":""0"",""Effect8Amount"":""9""}",true,true,false,,,https://ddragon.leagueoflegends.com/cdn/16.19.1/img/item/2139.png,https://ddragon.leagueoflegends.com/cdn/16.19.1/data/pt_BR/item.json,,,,,,,,,,,,
16.19.1,2026-09-25T01:42:44.216Z,2140,Elixir da Ira,"Consumir
Concede 30 de Dano de Ataque e 12% de Vampirismo Físico contra Campeões por 3min.",<mainText><stats></stats><br><br><active>Consumir</active><br>Concede <scaleAD>30 de Dano de Ataque</scaleAD> e <lifeSteal>12% de Vampirismo Físico</lifeSteal> contra Campeões por 3min.</mainText>,Temporariamente concede Dano de Ataque e cura ao causar Dano Físico a Campeões,500,500,200,,,"[""Consumable"",""Damage"",""LifeSteal"",""SpellVamp""]",{},"{""Effect1Amount"":""30"",""Effect2Amount"":""30"",""Effect3Amount"":""0.12"",""Effect4Amount"":""3"",""Effect5Amount"":""0"",""Effect6Amount"":""0"",""Effect7Amount"":""0"",""Effect8Amount"":""9""}",true,true,false,,,https://ddragon.leagueoflegends.com/cdn/16.19.1/img/item/2140.png,https://ddragon.leagueoflegends.com/cdn/16.19.1/data/pt_BR/item.json,,,,,,,,,,,,
16.19.1,2026-09-25T01:42:44.216Z,2141,Suco de Chapéu,Faz bem pra cabeça.Ativo – Consumir: Este suco não faz nada.,<mainText><stats></stats><br><br><rules>Faz bem pra cabeça.</rules><active>Ativo – Consumir:</active> Este suco não faz nada.<br></mainText>,,300,300,300,,,"[""Damage"",""Consumable""]",{},,true,true,false,,,https://ddragon.leagueoflegends.com/cdn/16.19.1/img/item/2141.png,https://ddragon.leagueoflegends.com/cdn/16.19.1/data/pt_BR/item.json,,,,,,,,,,,,
16.19.1,2026-09-25T01:42:44.216Z,2420,Armaguarda da Caçadora,"40 de Poder de Habilidade
25 de Armadura

Tempo Paralisado (uso único)
Entra em Estase por 2.5s.",<mainText><stats><attention>40</attention> de Poder de Habilidade<br><attention>25</attention> de Armadura</stats><br><br><active>Tempo Paralisado</active> (uso único)<br>Entra em <keyword>Estase</keyword> por 2.5s.</mainText>,"Ative para ficar invencível, mas incapaz de realizar qualquer ação",500,1600,640,"[""1052"",""1029"",""1052""]","[""3157""]","[""Armor"",""SpellDamage"",""Active""]","{""FlatMagicDamageMod"":40,""FlatArmorMod"":25}","{""Effect1Amount"":""0"",""Effect2Amount"":""2.5""}",true,true,false,2,,https://ddragon.leagueoflegends.com/cdn/16.19.1/img/item/2420.png,https://ddragon.leagueoflegends.com/cdn/16.19.1/data/pt_BR/item.json,25,,,,,40,,,,,,
16.19.1,2026-09-25T01:42:44.216Z,2421,Armaguarda Despedaçada,"40 de Poder de Habilidade
25 de Armadura

Tempo Estilhaçado
A Armaguarda está quebrada, mas ainda pode ser aprimorada.

Após quebrar uma Armaguarda, a loja venderá apenas Armaguarda Despedaçada.","<mainText><stats><attention>40</attention> de Poder de Habilidade<br><attention>25</attention> de Armadura</stats><br><br><passive>Tempo Estilhaçado</passive><br>A Armaguarda está quebrada, mas ainda pode ser aprimorada.<br><br><rules>Após quebrar uma Armaguarda, a loja venderá apenas <rarityGeneric>Armaguarda Despedaçada</rarityGeneric>.</rules><br><br></mainText>",Aprimoramentos para o Cronômetro,500,1600,640,"[""1052"",""1029"",""1052""]","[""3157""]",[],"{""FlatMagicDamageMod"":40,""FlatArmorMod"":25}",,true,true,true,2,,https://ddragon.leagueoflegends.com/cdn/16.19.1/img/item/2421.png,https://ddragon.leagueoflegends.com/cdn/16.19.1/data/pt_BR/item.json,25,,,,,40,,,,,,
16.19.1,2026-09-25T01:42:44.216Z,2501,Armadura Sangrenta do Suserano,"30 de Dano de Ataque
550 de Vida

Tirania
Recebe 2.5% da sua Vida adicional como Dano de Ataque.

Retaliação
Recebe até 12% de Dano de Ataque aumentado com base no percentual de Vida perdida.",<mainText><stats><attention>30</attention> de Dano de Ataque<br><attention>550</attention> de Vida</stats><br><br><passive>Tirania</passive><br>Recebe 2.5% da sua <healing>Vida adicional</healing> como <scaleAD>Dano de Ataque</scaleAD>. <br><br><passive>Retaliação</passive><br>Recebe até 12% de <scaleAD>Dano de Ataque</scaleAD> aumentado com base no percentual de Vida perdida. </mainText>,,1000,3300,2310,"[""2021"",""2021""]",,"[""Health"",""Damage""]","{""FlatHPPoolMod"":550,""FlatPhysicalDamageMod"":30}",,true,true,false,3,,https://ddragon.leagueoflegends.com/cdn/16.19.1/img/item/2501.png,https://ddragon.leagueoflegends.com/cdn/16.19.1/data/pt_BR/item.json,,,550,,,,,30,,,,
16.19.1,2026-09-25T01:42:44.216Z,2502,Desespero Eterno,"400 de Vida
50 de Armadura
15 de Aceleração de Habilidade

Angústia
Enquanto estiver em combate contra Campeões, a cada 4s, causa Dano Mágico a Campeões inimigos próximos e cura 250% do dano causado.","<mainText><stats><attention>400</attention> de Vida<br><attention>50</attention> de Armadura<br><attention>15</attention> de Aceleração de Habilidade</stats><br><br><passive>Angústia</passive><br>Enquanto estiver em combate contra Campeões, a cada 4s, causa <magicDamage>Dano Mágico</magicDamage> a Campeões inimigos próximos e <healing>cura 250%</healing> do dano causado.</mainText>",,800,2800,1960,"[""1031"",""3067"",""1028""]",,"[""Health"",""Armor"",""CooldownReduction"",""AbilityHaste""]","{""FlatHPPoolMod"":400,""FlatArmorMod"":50}",,true,true,false,3,,https://ddragon.leagueoflegends.com/cdn/16.19.1/img/item/2502.png,https://ddragon.leagueoflegends.com/cdn/16.19.1/data/pt_BR/item.json,50,,400,,,,,,,,,
16.19.1,2026-09-25T01:42:44.216Z,2503,Tocha de Chamas Negras,"80 de Poder de Habilidade
600 de Mana
20 de Aceleração de Habilidade

Labareda Nefasta
Habilidades de dano causam Dano Mágico adicional por 3s.

Chamas Negras
Para cada Campeão inimigo, monstro grande ou monstro épico afetado pela sua Labareda Nefasta, recebe 4% de Poder de Habilidade.","<mainText><stats><attention>80</attention> de Poder de Habilidade<br><attention>600</attention> de Mana<br><attention>20</attention> de Aceleração de Habilidade</stats><br><br><passive>Labareda Nefasta</passive><br>Habilidades de dano causam <magicDamage>Dano Mágico</magicDamage> adicional por 3s.<br><br><passive>Chamas Negras</passive><br>Para cada Campeão inimigo, monstro grande ou monstro épico afetado pela sua <passive>Labareda Nefasta</passive>, recebe <scaleAP>4% de Poder de Habilidade</scaleAP>. </mainText>",,700,2800,1960,"[""3802"",""2508""]",,"[""SpellDamage"",""Mana"",""CooldownReduction"",""AbilityHaste""]","{""FlatMPPoolMod"":600,""FlatMagicDamageMod"":80}",,true,true,false,3,,https://ddragon.leagueoflegends.com/cdn/16.19.1/img/item/2503.png,https://ddragon.leagueoflegends.com/cdn/16.19.1/data/pt_BR/item.json,,,,,600,80,,,,,,
16.19.1,2026-09-25T01:42:44.216Z,2504,Rookern Lamúrico,"400 de Vida
80 de Resistência Mágica
100% de Regeneração de Vida base

Perdição dos Magos
Depois de não sofrer Dano Mágico por 15s, recebe um Escudo Mágico.","<mainText><stats><attention>400</attention> de Vida<br><attention>80</attention> de Resistência Mágica<br><attention>100%</attention> de Regeneração de Vida base</stats><br><br><passive>Perdição dos Magos</passive><br>Depois de não sofrer Dano Mágico por 15s, recebe um <shield>Escudo Mágico</shield>. </mainText>",,800,2900,2030,"[""3211"",""1057""]",,"[""Health"",""SpellBlock"",""HealthRegen""]","{""FlatSpellBlockMod"":80,""FlatHPPoolMod"":400}",,true,true,false,3,,https://ddragon.leagueoflegends.com/cdn/16.19.1/img/item/2504.png,https://ddragon.leagueoflegends.com/cdn/16.19.1/data/pt_BR/item.json,,,400,,,,,,80,,,
16.19.1,2026-09-25T01:42:44.216Z,2508,Cinzas do Destino,"30 de Poder de Habilidade

Inflamar
Habilidades de dano causam 15 de Dano Mágico adicional ao longo de 3s.
Causa 45 de Dano Mágico adicional contra monstros.",<mainText><stats><attention>30</attention> de Poder de Habilidade</stats><br><br><passive>Inflamar</passive><br>Habilidades de dano causam <magicDamage>15 de Dano Mágico adicional</magicDamage> ao longo de 3s.<br>Causa <magicDamage>45 de Dano Mágico adicional</magicDamage> contra monstros.</mainText>,,500,900,630,"[""1052""]","[""2503"",""6653""]","[""SpellDamage""]","{""FlatMagicDamageMod"":30}",,true,true,false,2,,https://ddragon.leagueoflegends.com/cdn/16.19.1/img/item/2508.png,https://ddragon.leagueoflegends.com/cdn/16.19.1/data/pt_BR/item.json,,,,,,30,,,,,,
16.19.1,2026-09-25T01:42:44.216Z,2510,Aurora e Crepúsculo,"300 de Vida
60 de Poder de Habilidade
20 de Aceleração de Habilidade
20% de Velocidade de Ataque

Lâmina Arcana (0s)
Após usar uma habilidade, seu próximo ataque causa 0 de Dano Mágico adicional, cura você em 0 ao contato e então aplica efeitos ao contato uma vez a mais.","<mainText><stats><attention>300</attention> de Vida<br><attention>60</attention> de Poder de Habilidade<br><attention>20</attention> de Aceleração de Habilidade<br><attention>20%</attention> de Velocidade de Ataque</stats><br><br><passive>Lâmina Arcana</passive> (0s)<br>Após usar uma habilidade, seu próximo ataque causa <magicDamage>0 de Dano Mágico adicional</magicDamage>, <healing>cura você em 0</healing> <OnHit>ao contato</OnHit> e então aplica efeitos <OnHit>ao contato</OnHit> uma vez a mais.</mainText>",,300,3100,2170,"[""3057"",""1026"",""3067"",""1042""]",,"[""Health"",""AttackSpeed"",""SpellDamage"",""OnHit"",""AbilityHaste""]","{""FlatHPPoolMod"":300,""FlatMagicDamageMod"":60,""PercentAttackSpeedMod"":0.2}",,true,true,false,3,,https://ddragon.leagueoflegends.com/cdn/16.19.1/img/item/2510.png,https://ddragon.leagueoflegends.com/cdn/16.19.1/data/pt_BR/item.json,,,300,,,60,,,,0.2,,
16.19.1,2026-09-25T01:42:44.216Z,2512,Dardos de Caça-Demônios,"45% de Velocidade de Ataque
25% de Chance de Acerto Crítico
4% de Velocidade de Movimento

Vigília Noturna
Recebe 30 de Aceleração da Habilidade Ultimate.

Barragem de Abertura
Depois de conjurar sua ultimate, seus próximos 3 ataques básicos recebem 50% de Velocidade de Ataque + Acerto Crítico de 80% do seu dano de Acerto Crítico normal por 8s. Se algum ataque já for um Acerto Crítico, em vez disso, ele causa 15% de Dano Verdadeiro adicional.","<mainText><stats><attention>45%</attention> de Velocidade de Ataque<br><attention>25%</attention> de Chance de Acerto Crítico<br><attention>4%</attention> de Velocidade de Movimento</stats><br><br><passive>Vigília Noturna</passive><br>Recebe 30 de Aceleração da Habilidade Ultimate.<br><br><passive>Barragem de Abertura</passive><br>Depois de conjurar sua ultimate, seus próximos 3 ataques básicos recebem <attackSpeed>50% de Velocidade de Ataque</attackSpeed> + Acerto Crítico de 80% do seu dano de Acerto Crítico normal por 8s. Se algum ataque já for um Acerto Crítico, em vez disso, ele causa <trueDamage>15% de Dano Verdadeiro adicional</trueDamage>.</mainText>",,850,2650,1855,"[""3086"",""3144""]",,"[""CriticalStrike"",""AttackSpeed"",""NonbootsMovement"",""AbilityHaste""]","{""FlatCritChanceMod"":0.25,""PercentAttackSpeedMod"":0.45,""PercentMovementSpeedMod"":0.04}",,true,true,false,3,,https://ddragon.leagueoflegends.com/cdn/16.19.1/img/item/2512.png,https://ddragon.leagueoflegends.com/cdn/16.19.1/data/pt_BR/item.json,,0.25,,,,,,,,0.45,,0.04
16.19.1,2026-09-25T01:42:44.216Z,2517,Fome Eterna,"65 de Dano de Ataque
5% de Vampirismo Universal
20% de Tenacidade

Fome
Recebe Aceleração de Habilidade com base no seu DdA adicional.

Banquete
Quando um Campeão a quem você causou dano recentemente é abatido, recebe Vampirismo Universal por um período moderado.","<mainText><stats><attention>65</attention> de Dano de Ataque<br><attention>5%</attention> de Vampirismo Universal<br><attention>20%</attention> de Tenacidade</stats><br><br><passive>Fome</passive><br>Recebe Aceleração de Habilidade com base no seu DdA adicional.<br><br><passive>Banquete</passive><br>Quando um Campeão a quem você causou dano recentemente é abatido, recebe Vampirismo Universal por um período moderado. </mainText>",,825,3100,2170,"[""3133"",""1037"",""1036""]",,"[""Damage"",""LifeSteal"",""SpellVamp"",""Tenacity"",""AbilityHaste""]","{""FlatPhysicalDamageMod"":65}",,true,true,false,3,,https://ddragon.leagueoflegends.com/cdn/16.19.1/img/item/2517.png,https://ddragon.leagueoflegends.com/cdn/16.19.1/data/pt_BR/item.json,,,,,,,,65,,,,
16.19.1,2026-09-25T01:42:44.216Z,2520,Quebra-Bastião,"55 de Dano de Ataque
22 de Letalidade
15 de Aceleração de Habilidade

Investida Esculpida (0s)
Causar dano de habilidade a um Campeão ou monstro épico causa 0 de Dano Verdadeiro adicional.

Sabotagem
Abater um Campeão até 3s após você causar dano a ele concede Sabotagem por 90s. Enquanto você tiver Sabotagem, seu próximo ataque contra um monstro épico ou torre causará 0 de Dano Verdadeiro adicional ao longo de 3s.","<mainText><stats><attention>55</attention> de Dano de Ataque<br><attention>22</attention> de Letalidade<br><attention>15</attention> de Aceleração de Habilidade</stats><br><br><passive>Investida Esculpida</passive> (0s)<br>Causar dano de habilidade a um Campeão ou monstro épico causa <trueDamage>0 de Dano Verdadeiro</trueDamage> adicional.<br><br><passive>Sabotagem</passive><br>Abater um Campeão até 3s após você causar dano a ele concede Sabotagem por 90s. Enquanto você tiver Sabotagem, seu próximo ataque contra um monstro épico ou torre causará <trueDamage>0 de Dano Verdadeiro</trueDamage> adicional ao longo de 3s. </mainText>",,663,3000,2100,"[""2020"",""3134""]",,"[""Damage"",""ArmorPenetration"",""AbilityHaste""]","{""FlatPhysicalDamageMod"":55}",,true,true,false,3,,https://ddragon.leagueoflegends.com/cdn/16.19.1/img/item/2520.png,https://ddragon.leagueoflegends.com/cdn/16.19.1/data/pt_BR/item.json,,,,,,,,55,,,,
16.19.1,2026-09-25T01:42:44.216Z,2522,Concretizador,"90 de Poder de Habilidade
300 de Mana
10 de Aceleração de Habilidade

Mana Concretizado (0s)
Por 8s, seu Mana é Fortalecido. Enquanto Fortalecido, suas habilidades custam 100% de Mana a mais, você recebe 0 de dano de habilidade, Escudo e cura aumentados e os Tempos de Recarga das habilidades básicas avançam 30% mais rápido.","<mainText><stats><attention>90</attention> de Poder de Habilidade<br><attention>300</attention> de Mana<br><attention>10</attention> de Aceleração de Habilidade</stats><br><br><active>Mana Concretizado</active> (0s)<br>Por 8s, seu Mana é Fortalecido. Enquanto Fortalecido, suas habilidades custam 100% de Mana a mais, você recebe 0 de dano de habilidade, Escudo e cura aumentados e os Tempos de Recarga das habilidades básicas avançam 30% mais rápido.</mainText>",,750,2800,1960,"[""3802"",""1026""]",,"[""SpellDamage"",""Mana"",""AbilityHaste""]","{""FlatMPPoolMod"":300,""FlatMagicDamageMod"":90}",,true,true,false,3,,https://ddragon.leagueoflegends.com/cdn/16.19.1/img/item/2522.png,https://ddragon.leagueoflegends.com/cdn/16.19.1/data/pt_BR/item.json,,,,,300,90,,,,,,
16.19.1,2026-09-25T01:42:44.216Z,2523,Hexótica C44,"55 de Dano de Ataque
25% de Chance de Acerto Crítico

Magnificação
Causa até 10% de dano a mais com Ataques com base na distância que seu inimigo está de você (dano máximo a 500 de alcance).

Mira Arcana
Quando um Campeão a quem você tenha causado dano nos últimos 3s for abatido, recebe 100 de Alcance de Ataque adicional por 8s.","<mainText><stats><attention>55</attention> de Dano de Ataque<br><attention>25%</attention> de Chance de Acerto Crítico</stats><br><br><passive>Magnificação</passive><br>Causa até 10% de dano a mais com Ataques com base na distância que seu inimigo está de você (dano máximo a 500 de alcance).<br><br><passive>Mira Arcana</passive><br>Quando um Campeão a quem você tenha causado dano nos últimos 3s for abatido, recebe 100 de Alcance de Ataque adicional por 8s. </mainText>",,275,2800,1960,"[""1037"",""6670"",""1036""]",,"[""Damage"",""CriticalStrike""]","{""FlatCritChanceMod"":0.25,""FlatPhysicalDamageMod"":55}",,true,true,false,3,,https://ddragon.leagueoflegends.com/cdn/16.19.1/img/item/2523.png,https://ddragon.leagueoflegends.com/cdn/16.19.1/data/pt_BR/item.json,,0.25,,,,,,55,,,,
16.19.1,2026-09-25T01:42:44.216Z,2524,Bandocanos,"200 de Vida
15 de Aceleração de Habilidade
20 de Armadura
20 de Resistência Mágica

Fanfarra
Causar Lentidão ou Imobilizar um Campeão inimigo concede Fanfarra por 0s. Fanfarra concede 20 de Velocidade de Movimento. Enquanto tiver Fanfarra, aliados próximos, incluindo você, recebem 0 de Velocidade de Ataque.","<mainText><stats><attention>200</attention> de Vida<br><attention>15</attention> de Aceleração de Habilidade<br><attention>20</attention> de Armadura<br><attention>20</attention> de Resistência Mágica</stats><br><br><passive>Fanfarra</passive><br>Causar <keyword>Lentidão</keyword> ou <keyword>Imobilizar</keyword> um Campeão inimigo concede Fanfarra por 0s. Fanfarra concede <speed>20 de Velocidade de Movimento</speed>. Enquanto tiver Fanfarra, aliados próximos, incluindo você, recebem <attackSpeed>0 de Velocidade de Ataque</attackSpeed>.</mainText>",,800,2300,1610,"[""3067"",""1029"",""1033""]",,"[""Health"",""SpellBlock"",""Armor"",""AttackSpeed"",""NonbootsMovement"",""AbilityHaste""]","{""FlatSpellBlockMod"":20,""FlatHPPoolMod"":200,""FlatArmorMod"":20}",,true,true,false,3,,https://ddragon.leagueoflegends.com/cdn/16.19.1/img/item/2524.png,https://ddragon.leagueoflegends.com/cdn/16.19.1/data/pt_BR/item.json,20,,200,,,,,,20,,,
16.19.1,2026-09-25T01:42:44.216Z,2525,Couraça Protoplasmática,"600 de Vida
20 de Aceleração de Habilidade

Salva-Vidas (0s)
Ao sofrer dano suficiente para reduzir sua Vida a menos de 30%, você recebe 0 de Vida máxima por 5s, depois cura 0 de Vida ao longo da duração. Enquanto regenera Vida, você recebe 15% de aumento de Tamanho, 10% de Velocidade de Movimento e 25% de Tenacidade.","<mainText><stats><attention>600</attention> de Vida<br><attention>20</attention> de Aceleração de Habilidade</stats><br><br><passive>Salva-Vidas</passive> (0s)<br>Ao sofrer dano suficiente para reduzir sua Vida a menos de 30%, você recebe <health>0 de Vida máxima</health> por 5s, depois cura <health>0 de Vida</health> ao longo da duração. Enquanto regenera Vida, você recebe 15% de aumento de Tamanho, 10% de Velocidade de Movimento e 25% de Tenacidade. </mainText>",,900,2600,1820,"[""3067"",""1011""]",,"[""Health"",""NonbootsMovement"",""Tenacity"",""AbilityHaste""]","{""FlatHPPoolMod"":600}",,true,true,false,3,,https://ddragon.leagueoflegends.com/cdn/16.19.1/img/item/2525.png,https://ddragon.leagueoflegends.com/cdn/16.19.1/data/pt_BR/item.json,,,600,,,,,,,,,
16.19.1,2026-09-25T01:42:44.216Z,2526,Tiara Sussurrante,"200 de Vida
8% de Cura e Resistência do Escudo
75% de Regeneração de Mana base
300 de Mana

Harmonia
Recebe 0% de Potência de Escudo e Cura.

Fluxo de Mana (8s, máx. de 5 cargas)
Acertar Habilidades concede 4 de Mana máximo (dobrado contra Campeões).
Transforma-se em Diadema de Canções com 360 de Mana máximo.","<mainText><stats><attention>200</attention> de Vida<br><attention>8%</attention> de Cura e Resistência do Escudo<br><attention>75%</attention> de Regeneração de Mana base<br><attention>300</attention> de Mana</stats><br><br><passive>Harmonia</passive><br>Recebe 0% de Potência de Escudo e Cura.<br><br><passive>Fluxo de Mana</passive> (8s, máx. de 5 cargas)<br>Acertar Habilidades concede <scaleMana>4 de Mana</scaleMana> máximo (dobrado contra Campeões).<br>Transforma-se em <rarityLegendary>Diadema de Canções</rarityLegendary> com <scaleMana>360 de Mana máximo</scaleMana>.</mainText>",,850,2250,1575,"[""3114"",""1028"",""3070""]","[""2530""]","[""Health"",""Mana"",""ManaRegen""]","{""FlatMPPoolMod"":300,""FlatHPPoolMod"":200}",,true,true,false,3,,https://ddragon.leagueoflegends.com/cdn/16.19.1/img/item/2526.png,https://ddragon.leagueoflegends.com/cdn/16.19.1/data/pt_BR/item.json,,,200,,300,,,,,,,
16.19.1,2026-09-25T01:42:44.216Z,3003,Cajado do Arcanjo,"70 de Poder de Habilidade
600 de Mana
25 de Aceleração de Habilidade

Fascínio
Recebe Poder de Habilidade equivalente a 1% do Mana adicional.

Fluxo de Mana (8s, máximo de 5 cargas)
Acertar Habilidades concede 5 de Mana máximo (dobrado contra Campeões).
Transforma-se em Abraço de Seraph com 360 de Mana máximo.","<mainText><stats><attention>70</attention> de Poder de Habilidade<br><attention>600</attention> de Mana<br><attention>25</attention> de Aceleração de Habilidade</stats><br><br><passive>Fascínio</passive><br>Recebe Poder de Habilidade equivalente a <scaleMana>1% do Mana adicional</scaleMana>.<br><br><passive>Fluxo de Mana</passive> (8s, máximo de 5 cargas)<br>Acertar Habilidades concede <scaleMana>5 de Mana máximo</scaleMana> (dobrado contra Campeões).<br>Transforma-se em <rarityLegendary>Abraço de Seraph</rarityLegendary> com <scaleMana>360 de Mana máximo</scaleMana>.</mainText>",Aumenta o Poder de Habilidade com base na Mana máxima,450,2900,2030,"[""3070"",""3802"",""3108""]",,"[""SpellDamage"",""Mana"",""AbilityHaste""]","{""FlatMPPoolMod"":600,""FlatMagicDamageMod"":70}",,true,true,false,3,,https://ddragon.leagueoflegends.com/cdn/16.19.1/img/item/3003.png,https://ddragon.leagueoflegends.com/cdn/16.19.1/data/pt_BR/item.json,,,,,600,70,,,,,,
16.19.1,2026-09-25T01:42:44.216Z,3004,Manamune,"35 de Dano de Ataque
500 de Mana
15 de Aceleração de Habilidade

Fascínio
Recebe 0 de Dano de Ataque adicional.

Fluxo de Mana (8s, máximo de 4 cargas)
Acertar Ataques e Habilidades concede 3 de Mana máximo (dobrado contra Campeões).
Transforma-se em Muramana com 360 de Mana máximo.","<mainText><stats><attention>35</attention> de Dano de Ataque<br><attention>500</attention> de Mana<br><attention>15</attention> de Aceleração de Habilidade</stats><br><br><passive>Fascínio</passive><br>Recebe <scaleAD>0 de Dano de Ataque adicional</scaleAD>.<br><br><passive>Fluxo de Mana</passive> (8s, máximo de 4 cargas)<br>Acertar Ataques e Habilidades concede <scaleMana>3 de Mana máximo</scaleMana> (dobrado contra Campeões).<br>Transforma-se em <rarityLegendary>Muramana</rarityLegendary> com <scaleMana>360 de Mana máximo</scaleMana>.</mainText>",Aumenta o Dano de Ataque com base na Mana máxima,1100,2900,2030,"[""3070"",""3133"",""1036""]",,"[""Damage"",""Mana"",""CooldownReduction"",""OnHit"",""AbilityHaste""]","{""FlatMPPoolMod"":500,""FlatPhysicalDamageMod"":35}",,true,true,false,3,,https://ddragon.leagueoflegends.com/cdn/16.19.1/img/item/3004.png,https://ddragon.leagueoflegends.com/cdn/16.19.1/data/pt_BR/item.json,,,,,500,,,35,,,,
16.19.1,2026-09-25T01:42:44.216Z,3006,Grevas do Berserker,"30% de Velocidade de Ataque
45 de Velocidade de Movimento",<mainText><stats><attention>30%</attention> de Velocidade de Ataque<br><attention>45</attention> de Velocidade de Movimento</stats><br><br></mainText>,Aprimora a Velocidade de Movimento e de Ataque,300,1100,770,"[""1001"",""1042"",""1042""]","[""3172""]","[""AttackSpeed"",""Boots""]","{""FlatMovementSpeedMod"":45,""PercentAttackSpeedMod"":0.3}",,true,true,false,2,,https://ddragon.leagueoflegends.com/cdn/16.19.1/img/item/3006.png,https://ddragon.leagueoflegends.com/cdn/16.19.1/data/pt_BR/item.json,,,,,,,45,,,0.3,,
16.19.1,2026-09-25T01:42:44.216Z,3008,Grevas Vorazes,"45 de Velocidade de Movimento
4% de Vampirismo Universal

Eliminar
Recebe 0.6% de Vampirismo Universal ao eliminar um Campeão. Acumula até 10 vezes.",<mainText><stats><attention>45</attention> de Velocidade de Movimento<br><attention>4%</attention> de Vampirismo Universal</stats><br><br><passive>Eliminar</passive><br>Recebe 0.6% de Vampirismo Universal ao eliminar um Campeão. Acumula até 10 vezes.</mainText>,Aumenta o Dano de Ataque com base na Mana máxima,700,1000,700,"[""1001""]","[""3168""]","[""LifeSteal"",""SpellVamp"",""Boots""]","{""FlatMovementSpeedMod"":45}",,true,true,false,2,,https://ddragon.leagueoflegends.com/cdn/16.19.1/img/item/3008.png,https://ddragon.leagueoflegends.com/cdn/16.19.1/data/pt_BR/item.json,,,,,,,45,,,,,
16.19.1,2026-09-25T01:42:44.216Z,3009,Botas da Rapidez,"55 de Velocidade de Movimento

Pés Velozes
Reduz a eficácia dos efeitos de Lentidão em 25%.",<mainText><stats><attention>55</attention> de Velocidade de Movimento</stats><br><br><passive>Pés Velozes</passive><br>Reduz a eficácia dos efeitos de <keyword>Lentidão</keyword> em 25%.</mainText>,Aprimora a Velocidade de Movimento e reduz o efeito de Lentidões,700,1000,700,"[""1001""]","[""3170""]","[""Boots""]","{""FlatMovementSpeedMod"":55}",,true,true,false,2,,https://ddragon.leagueoflegends.com/cdn/16.19.1/img/item/3009.png,https://ddragon.leagueoflegends.com/cdn/16.19.1/data/pt_BR/item.json,,,,,,,55,,,,,
16.19.1,2026-09-25T01:42:44.216Z,3020,Sapatos do Feiticeiro,"12 de Penetração Mágica
45 de Velocidade de Movimento",<mainText><stats><attention>12</attention> de Penetração Mágica<br><attention>45</attention> de Velocidade de Movimento</stats><br><br></mainText>,Aprimora a Velocidade de Movimento e o Dano Mágico,800,1100,770,"[""1001""]","[""3175""]","[""Boots"",""MagicPenetration""]","{""FlatMovementSpeedMod"":45}",,true,true,false,2,,https://ddragon.leagueoflegends.com/cdn/16.19.1/img/item/3020.png,https://ddragon.leagueoflegends.com/cdn/16.19.1/data/pt_BR/item.json,,,,,,,45,,,,,
16.19.1,2026-09-25T01:42:44.216Z,3024,Broquel Glacial,"25 de Armadura
300 de Mana
10 de Aceleração de Habilidade",<mainText><stats><attention>25</attention> de Armadura<br><attention>300</attention> de Mana<br><attention>10</attention> de Aceleração de Habilidade</stats><br><br></mainText>,Aumenta a Armadura e Redução do Tempo de Recarga,50,900,630,"[""1029"",""1027"",""2022""]","[""323110"",""3110""]","[""Armor"",""Mana"",""CooldownReduction"",""AbilityHaste""]","{""FlatMPPoolMod"":300,""FlatArmorMod"":25}",,true,true,false,2,,https://ddragon.leagueoflegends.com/cdn/16.19.1/img/item/3024.png,https://ddragon.leagueoflegends.com/cdn/16.19.1/data/pt_BR/item.json,25,,,,300,,,,,,,
16.19.1,2026-09-25T01:42:44.216Z,3026,Anjo Guardião,"55 de Dano de Ataque
45 de Armadura

Renascimento
Ao sofrer dano letal, restaura 50% da Vida base e 100% do Mana máximo após 4s de Estase.","<mainText><stats><attention>55</attention> de Dano de Ataque<br><attention>45</attention> de Armadura</stats><br><br><passive>Renascimento</passive><br>Ao sofrer dano letal, restaura <healing>50% da Vida base</healing> e <scaleMana>100% do Mana máximo</scaleMana> após 4s de <keyword>Estase</keyword>.</mainText>",Periodicamente ressuscita um campeão ao morrer,800,3200,1280,"[""2019"",""1038""]",,"[""Armor"",""Damage""]","{""FlatArmorMod"":45,""FlatPhysicalDamageMod"":55}","{""Effect1Amount"":""0.5"",""Effect2Amount"":""4"",""Effect3Amount"":""300"",""Effect4Amount"":""1""}",true,true,false,3,,https://ddragon.leagueoflegends.com/cdn/16.19.1/img/item/3026.png,https://ddragon.leagueoflegends.com/cdn/16.19.1/data/pt_BR/item.json,45,,,,,,,55,,,,
16.19.1,2026-09-25T01:42:44.216Z,3031,Gume do Infinito,"75 de Dano de Ataque
25% de Chance de Acerto Crítico
30% de Dano de Acerto Crítico",<mainText><stats><attention>75</attention> de Dano de Ataque<br><attention>25%</attention> de Chance de Acerto Crítico<br><attention>30%</attention> de Dano de Acerto Crítico</stats><br><br></mainText>,Aprimora drasticamente os acertos críticos,725,3500,2450,"[""1038"",""1037"",""1018""]",,"[""CriticalStrike"",""Damage""]","{""FlatCritChanceMod"":0.25,""FlatPhysicalDamageMod"":75}",,true,true,false,2,,https://ddragon.leagueoflegends.com/cdn/16.19.1/img/item/3031.png,https://ddragon.leagueoflegends.com/cdn/16.19.1/data/pt_BR/item.json,,0.25,,,,,,75,,,,
16.19.1,2026-09-25T01:42:44.216Z,3032,Flechatroz de Yun Tal,"50 de Dano de Ataque
45% de Velocidade de Ataque
0% de Chance de Acerto Crítico

Praticar e Matar
Ao Atacar, recebe Chance de Acerto Crítico permanentemente, até 25%.

Agitação
Ao Atacar um Campeão inimigo, recebe 30% de Velocidade de Ataque por 6s (30s de Tempo de Recarga).
Ataques reduzem esse Tempo de Recarga em 1s, e Acertos Críticos em 2s.","<mainText><stats><attention>50</attention> de Dano de Ataque<br><attention>45%</attention> de Velocidade de Ataque<br><attention>0%</attention> de Chance de Acerto Crítico</stats><br><br><passive>Praticar e Matar</passive><br>Ao Atacar, recebe Chance de Acerto Crítico permanentemente, até 25%.<br><br><passive>Agitação</passive><br>Ao Atacar um Campeão inimigo, recebe 30% de Velocidade de Ataque por 6s (30s de Tempo de Recarga). <br>Ataques reduzem esse Tempo de Recarga em 1s, e Acertos Críticos em 2s.</mainText>",,750,3000,2100,"[""1038"",""3144"",""1036""]",,"[""Damage"",""CriticalStrike"",""AttackSpeed""]","{""FlatPhysicalDamageMod"":50,""PercentAttackSpeedMod"":0.45}",,true,true,false,3,,https://ddragon.leagueoflegends.com/cdn/16.19.1/img/item/3032.png,https://ddragon.leagueoflegends.com/cdn/16.19.1/data/pt_BR/item.json,,,,,,,,50,,0.45,,
16.19.1,2026-09-25T01:42:44.216Z,3033,Lembrete Mortal,"35 de Dano de Ataque
30% de Penetração de Armadura
25% de Chance de Acerto Crítico

Feridas Dolorosas
Causar Dano Físico aplica 40% de Ferimentos a Campeões inimigos por 3s.",<mainText><stats><attention>35</attention> de Dano de Ataque<br><attention>30%</attention> de Penetração de Armadura<br><attention>25%</attention> de Chance de Acerto Crítico</stats><br><br><passive>Feridas Dolorosas</passive><br>Causar Dano Físico aplica <keyword>40% de Ferimentos</keyword> a Campeões inimigos por 3s.</mainText>,Supera inimigos que têm muita recuperação de Vida e Armadura,150,3000,2100,"[""3123"",""3035"",""1018""]",,"[""Damage"",""CriticalStrike"",""ArmorPenetration""]","{""FlatCritChanceMod"":0.25,""FlatPhysicalDamageMod"":35}",,true,true,false,3,,https://ddragon.leagueoflegends.com/cdn/16.19.1/img/item/3033.png,https://ddragon.leagueoflegends.com/cdn/16.19.1/data/pt_BR/item.json,,0.25,,,,,,35,,,,
16.19.1,2026-09-25T01:42:44.216Z,3035,Último Sussurro,"20 de Dano de Ataque
18% de Penetração de Armadura",<mainText><stats><attention>20</attention> de Dano de Ataque<br><attention>18%</attention> de Penetração de Armadura</stats><br><br></mainText>,Supera inimigos que têm muita Armadura,750,1450,1015,"[""1036"",""1036""]","[""3033"",""3036"",""6694""]","[""ArmorPenetration"",""Damage""]","{""FlatPhysicalDamageMod"":20}",,true,true,false,2,,https://ddragon.leagueoflegends.com/cdn/16.19.1/img/item/3035.png,https://ddragon.leagueoflegends.com/cdn/16.19.1/data/pt_BR/item.json,,,,,,,,20,,,,
16.19.1,2026-09-25T01:42:44.216Z,3036,Lembranças do Lorde Dominik,"35 de Dano de Ataque
35% de Penetração de Armadura
25% de Chance de Acerto Crítico

Mata-Gigantes
Causa até 15% de dano adicional a Campeões com base na Vida adicional deles. Adicional de dano máximo atingido com 1500 de Vida adicional.",<mainText><stats><attention>35</attention> de Dano de Ataque<br><attention>35%</attention> de Penetração de Armadura<br><attention>25%</attention> de Chance de Acerto Crítico</stats><br><br><passive>Mata-Gigantes</passive><br>Causa até 15% de dano adicional a Campeões com base na Vida adicional deles. Adicional de dano máximo atingido com 1500 de Vida adicional.</mainText>,Supera inimigos com muita Vida e Armadura,550,3300,2310,"[""3035"",""6670""]",,"[""Damage"",""CriticalStrike"",""ArmorPenetration""]","{""FlatCritChanceMod"":0.25,""FlatPhysicalDamageMod"":35}",,true,true,false,3,,https://ddragon.leagueoflegends.com/cdn/16.19.1/img/item/3036.png,https://ddragon.leagueoflegends.com/cdn/16.19.1/data/pt_BR/item.json,,0.25,,,,,,35,,,,
16.19.1,2026-09-25T01:42:44.216Z,3041,Ladrão de Almas de Mejai,"20 de Poder de Habilidade
100 de Vida

Glória
Abates concedem Glória, até um máximo de 25. Perde 10 de Glória ao morrer.
Recebe 5 de Poder de Habilidade por acúmulo de Glória e 10% de Velocidade de Movimento com 10 ou mais acúmulos de Glória.","<mainText><stats><attention>20</attention> de Poder de Habilidade<br><attention>100</attention> de Vida</stats><br><br><passive>Glória</passive><br><keyword>Abates</keyword> concedem <passive>Glória</passive>, até um máximo de 25. Perde 10 <passive>de Glória</passive> ao morrer.<br>Recebe <scaleAP>5 de Poder de Habilidade</scaleAP> por acúmulo de <passive>Glória</passive> e <speed>10% de Velocidade de Movimento</speed> com 10 ou mais acúmulos de <passive>Glória</passive>.</mainText>",Concede Poder de Habilidade por abates e assistências,1150,1500,1050,"[""1082""]",,"[""Health"",""SpellDamage"",""NonbootsMovement""]","{""FlatHPPoolMod"":100,""FlatMagicDamageMod"":20}",,true,true,false,2,,https://ddragon.leagueoflegends.com/cdn/16.19.1/img/item/3041.png,https://ddragon.leagueoflegends.com/cdn/16.19.1/data/pt_BR/item.json,,,100,,,20,,,,,,
16.19.1,2026-09-25T01:42:44.216Z,3044,Fago,"15 de Dano de Ataque
200 de Vida

Fúria
Ataques concedem Velocidade de Movimento por 2s.",<mainText><stats><attention>15</attention> de Dano de Ataque<br><attention>200</attention> de Vida</stats><br><br><passive>Fúria</passive><br>Ataques concedem <speed>Velocidade de Movimento</speed> por 2s.</mainText>,Ataques e abates dão um efeito curto de velocidade,350,1100,770,"[""1028"",""1036""]","[""3071"",""3078"",""3073"",""6630"",""6631""]","[""Health"",""Damage"",""NonbootsMovement""]","{""FlatHPPoolMod"":200,""FlatPhysicalDamageMod"":15}","{""Effect1Amount"":""20"",""Effect2Amount"":""2"",""Effect3Amount"":""60"",""Effect4Amount"":""0"",""Effect5Amount"":""0"",""Effect6Amount"":""0"",""Effect7Amount"":""0"",""Effect8Amount"":""8""}",true,true,false,2,,https://ddragon.leagueoflegends.com/cdn/16.19.1/img/item/3044.png,https://ddragon.leagueoflegends.com/cdn/16.19.1/data/pt_BR/item.json,,,200,,,,,15,,,,
16.19.1,2026-09-25T01:42:44.216Z,3046,Dançarina Fantasma,"65% de Velocidade de Ataque
25% de Chance de Acerto Crítico
10% de Velocidade de Movimento

Valsa Espectral
Recebe efeito Fantasma.",<mainText><stats><attention>65%</attention> de Velocidade de Ataque<br><attention>25%</attention> de Chance de Acerto Crítico<br><attention>10%</attention> de Velocidade de Movimento</stats><br><br><passive>Valsa Espectral</passive><br>Recebe <keyword>efeito Fantasma</keyword>.</mainText>,Move-se mais rápido ao atacar inimigos e ganha um escudo quando está com pouca Vida,950,2650,1855,"[""1042"",""3086"",""1042""]",,"[""CriticalStrike"",""AttackSpeed"",""NonbootsMovement""]","{""FlatCritChanceMod"":0.25,""PercentAttackSpeedMod"":0.65,""PercentMovementSpeedMod"":0.1}",,true,true,false,3,,https://ddragon.leagueoflegends.com/cdn/16.19.1/img/item/3046.png,https://ddragon.leagueoflegends.com/cdn/16.19.1/data/pt_BR/item.json,,0.25,,,,,,,,0.65,,0.1
16.19.1,2026-09-25T01:42:44.216Z,3047,Botas Galvanizadas de Aço,"25 de Armadura
45 de Velocidade de Movimento

Barricada
Reduz o dano sofrido de Ataques em 10%.",<mainText><stats><attention>25</attention> de Armadura<br><attention>45</attention> de Velocidade de Movimento</stats><br><br><passive>Barricada</passive><br>Reduz o dano sofrido de Ataques em 10%.</mainText>,Aprimora a Velocidade de Movimento e reduz o dano de ataques básicos recebidos,600,1200,840,"[""1001"",""1029""]","[""3174""]","[""Armor"",""Boots""]","{""FlatMovementSpeedMod"":45,""FlatArmorMod"":25}","{""Effect1Amount"":""0.1""}",true,true,false,2,,https://ddragon.leagueoflegends.com/cdn/16.19.1/img/item/3047.png,https://ddragon.leagueoflegends.com/cdn/16.19.1/data/pt_BR/item.json,25,,,,,,45,,,,,
16.19.1,2026-09-25T01:42:44.216Z,3050,Convergência de Zeke,"300 de Vida
25 de Armadura
25 de Resistência Mágica
10 de Aceleração de Habilidade

Tempestade do Raio de Gelo
Conjurar sua ultimate invoca uma tempestade ao seu redor por 5s. A tempestade causa 30 de Dano Mágico por segundo e 30% de Lentidão a Campeões inimigos.",<mainText><stats><attention>300</attention> de Vida<br><attention>25</attention> de Armadura<br><attention>25</attention> de Resistência Mágica<br><attention>10</attention> de Aceleração de Habilidade</stats><br><br><passive>Tempestade do Raio de Gelo</passive><br>Conjurar sua ultimate invoca uma tempestade ao seu redor por 5s. A tempestade causa <magicDamage>30 de Dano Mágico</magicDamage> por segundo e 30% de <keyword>Lentidão</keyword> a Campeões inimigos.</mainText>,Concede efeitos a você e seu aliado ao conjurar sua ultimate,700,2200,1540,"[""3067"",""1029"",""1033""]",,"[""Health"",""SpellBlock"",""Armor"",""AbilityHaste""]","{""FlatSpellBlockMod"":25,""FlatHPPoolMod"":300,""FlatArmorMod"":25}",,true,true,false,3,,https://ddragon.leagueoflegends.com/cdn/16.19.1/img/item/3050.png,https://ddragon.leagueoflegends.com/cdn/16.19.1/data/pt_BR/item.json,25,,300,,,,,,25,,,
16.19.1,2026-09-25T01:42:44.216Z,3051,Machado Termestre,"20 de Dano de Ataque
20% de Velocidade de Ataque",<mainText><stats><attention>20</attention> de Dano de Ataque<br><attention>20%</attention> de Velocidade de Ataque</stats><br><br></mainText>,,250,1200,840,"[""1036"",""1042"",""1036""]","[""3078"",""3302"",""6672""]","[""Damage"",""AttackSpeed""]","{""FlatPhysicalDamageMod"":20,""PercentAttackSpeedMod"":0.2}",,true,true,false,2,,https://ddragon.leagueoflegends.com/cdn/16.19.1/img/item/3051.png,https://ddragon.leagueoflegends.com/cdn/16.19.1/data/pt_BR/item.json,,,,,,,,20,,0.2,,
16.19.1,2026-09-25T01:42:44.216Z,3053,Sinal de Sterak,"400 de Vida
20% de Tenacidade

Garras Caçadoras
Recebe Dano de Ataque adicional.

Salva-Vidas
Ao sofrer dano que reduziria sua Vida a menos de 30%, concede um Escudo que decai por 4.5s.","<mainText><stats><attention>400</attention> de Vida<br><attention>20%</attention> de Tenacidade</stats><br><br><passive>Garras Caçadoras</passive><br>Recebe <scaleAD>Dano de Ataque adicional</scaleAD>.<br><br><passive>Salva-Vidas</passive><br>Ao sofrer dano que reduziria sua Vida a menos de 30%, concede um <shield>Escudo que decai</shield> por 4.5s.</mainText>",Protege contra fortes rajadas de dano,775,3200,2240,"[""1037"",""2021"",""1028""]",,"[""Health"",""Damage"",""Tenacity""]","{""FlatHPPoolMod"":400}",,true,true,false,3,,https://ddragon.leagueoflegends.com/cdn/16.19.1/img/item/3053.png,https://ddragon.leagueoflegends.com/cdn/16.19.1/data/pt_BR/item.json,,,400,,,,,,,,,
16.19.1,2026-09-25T01:42:44.216Z,3057,Fulgor,"10 de Aceleração de Habilidade

Lâmina Arcana
Após usar uma Habilidade, seu próximo Ataque causa Dano Físico adicional ao contato.","<mainText><stats><attention>10</attention> de Aceleração de Habilidade</stats><br><br><passive>Lâmina Arcana</passive><br>Após usar uma Habilidade, seu próximo Ataque causa <physicalDamage>Dano Físico adicional</physicalDamage> <OnHit>ao contato</OnHit>.<br></mainText>",Concede um efeito ao ataque básico feito após uma conjuração,650,900,630,"[""2022""]","[""3078"",""3100"",""2510"",""3508"",""6632"",""6662""]","[""OnHit"",""AbilityHaste""]",{},,true,true,false,2,,https://ddragon.leagueoflegends.com/cdn/16.19.1/img/item/3057.png,https://ddragon.leagueoflegends.com/cdn/16.19.1/data/pt_BR/item.json,,,,,,,,,,,,
16.19.1,2026-09-25T01:42:44.216Z,3065,Semblante Espiritual,"400 de Vida
50 de Resistência Mágica
10 de Aceleração de Habilidade
100% de Regeneração de Vida base

Vitalidade Imensurável
Curas e Escudos em você são aumentados em 25%.",<mainText><stats><attention>400</attention> de Vida<br><attention>50</attention> de Resistência Mágica<br><attention>10</attention> de Aceleração de Habilidade<br><attention>100%</attention> de Regeneração de Vida base</stats><br><br><passive>Vitalidade Imensurável</passive><br>Curas e Escudos em você são aumentados em 25%.</mainText>,Aumenta a Vida e efeitos de cura,650,2700,1890,"[""3211"",""3067""]",,"[""Health"",""SpellBlock"",""HealthRegen"",""CooldownReduction"",""AbilityHaste""]","{""FlatSpellBlockMod"":50,""FlatHPPoolMod"":400}",,true,true,false,3,,https://ddragon.leagueoflegends.com/cdn/16.19.1/img/item/3065.png,https://ddragon.leagueoflegends.com/cdn/16.19.1/data/pt_BR/item.json,,,400,,,,,,50,,,
16.19.1,2026-09-25T01:42:44.216Z,3066,Couraça Lunar Alada,"200 de Vida
4% de Velocidade de Movimento",<mainText><stats><attention>200</attention> de Vida<br><attention>4%</attention> de Velocidade de Movimento</stats><br><br></mainText>,,400,800,560,"[""1028""]","[""3742"",""323002"",""3002"",""3181"",""4401""]","[""Health"",""NonbootsMovement""]","{""FlatHPPoolMod"":200,""PercentMovementSpeedMod"":0.04}",,true,true,false,2,,https://ddragon.leagueoflegends.com/cdn/16.19.1/img/item/3066.png,https://ddragon.leagueoflegends.com/cdn/16.19.1/data/pt_BR/item.json,,,200,,,,,,,,,0.04
16.19.1,2026-09-25T01:42:44.216Z,3067,Gema Ardente,"200 de Vida
10 de Aceleração de Habilidade",<mainText><stats><attention>200</attention> de Vida<br><attention>10</attention> de Aceleração de Habilidade</stats><br><br></mainText>,Aumenta a Vida e a Redução do Tempo de Recarga,150,800,560,"[""1028"",""2022""]","[""3071"",""8020"",""323050"",""328020"",""124011"",""323190"",""323222"",""3165"",""6620"",""3050"",""3109"",""6656"",""326617"",""323107"",""2502"",""2510"",""2524"",""2525"",""6617"",""3065"",""3152"",""3119"",""326620"",""3190"",""3222"",""323109"",""323119"",""4403"",""4629"",""4644"",""6630"",""6632"",""8001""]","[""Health"",""CooldownReduction"",""AbilityHaste""]","{""FlatHPPoolMod"":200}",,true,true,false,2,,https://ddragon.leagueoflegends.com/cdn/16.19.1/img/item/3067.png,https://ddragon.leagueoflegends.com/cdn/16.19.1/data/pt_BR/item.json,,,200,,,,,,,,,
16.19.1,2026-09-25T01:42:44.216Z,3068,Égide de Fogo Solar,"350 de Vida
50 de Armadura
10 de Aceleração de Habilidade

Imolar
Depois de causar ou sofrer qualquer dano, você causa Dano Mágico por segundo a inimigos próximos por 3s.","<mainText><stats><attention>350</attention> de Vida<br><attention>50</attention> de Armadura<br><attention>10</attention> de Aceleração de Habilidade</stats><br><br><passive>Imolar</passive><br>Depois de causar ou sofrer qualquer dano, você causa <magicDamage>Dano Mágico</magicDamage> por segundo a inimigos próximos por 3s. </mainText>",Fornece muita Armadura. Causa dano constante a inimigos próximos. Imobilizar inimigos libera uma onda de dano flamejante.,700,2800,1960,"[""6660"",""1031"",""1028""]",,"[""Health"",""Armor"",""Aura"",""AbilityHaste""]","{""FlatHPPoolMod"":350,""FlatArmorMod"":50}",,true,true,false,3,,https://ddragon.leagueoflegends.com/cdn/16.19.1/img/item/3068.png,https://ddragon.leagueoflegends.com/cdn/16.19.1/data/pt_BR/item.json,50,,350,,,,,,,,,
16.19.1,2026-09-25T01:42:44.216Z,3070,Lágrima da Deusa,"240 de Mana

Fluxo de Mana (8s, máximo de 4 cargas)
Acertar Habilidades concede 3 de Mana máximo (dobrado contra Campeões), até 360.

Ajudinha
Ataques causam 5 de Dano Físico adicional a tropas.","<mainText><stats><attention>240</attention> de Mana</stats><br><br><passive>Fluxo de Mana</passive> (8s, máximo de 4 cargas)<br>Acertar Habilidades concede <scaleMana>3 de Mana máximo</scaleMana> (dobrado contra Campeões), até <scaleMana>360</scaleMana>.<br><br><passive>Ajudinha</passive><br>Ataques causam <physicalDamage>5 de Dano Físico</physicalDamage> adicional a tropas.</mainText>",Aumenta a Mana máxima conforme ela é gasta,400,400,280,,"[""3003"",""3004"",""2526"",""3119""]","[""Mana"",""ManaRegen""]","{""FlatMPPoolMod"":240}",,true,true,false,,,https://ddragon.leagueoflegends.com/cdn/16.19.1/img/item/3070.png,https://ddragon.leagueoflegends.com/cdn/16.19.1/data/pt_BR/item.json,,,,,240,,,,,,,
16.19.1,2026-09-25T01:42:44.216Z,3071,Cutelo Negro,"45 de Dano de Ataque
400 de Vida
20 de Aceleração de Habilidade

Talhar
Causar Dano Físico a Campeões reduz a Armadura do alvo em 6% por 6s (acumula 5x).

Fervor
Causar Dano Físico concede 0 de Velocidade de Movimento por 2s.",<mainText><stats><attention>45</attention> de Dano de Ataque<br><attention>400</attention> de Vida<br><attention>20</attention> de Aceleração de Habilidade</stats><br><br><passive>Talhar</passive><br>Causar <physicalDamage>Dano Físico</physicalDamage> a Campeões reduz a <scaleArmor>Armadura do alvo em 6%</scaleArmor> por 6s (acumula 5x).<br><br><passive>Fervor</passive><br>Causar <physicalDamage>Dano Físico</physicalDamage> concede <speed>0 de Velocidade de Movimento</speed> por 2s.</mainText>,Causar dano físico reduz Armadura de Campeões inimigos,225,3000,2100,"[""3044"",""3067"",""1037""]",,"[""Health"",""Damage"",""CooldownReduction"",""OnHit"",""NonbootsMovement"",""ArmorPenetration"",""AbilityHaste""]","{""FlatHPPoolMod"":400,""FlatPhysicalDamageMod"":45}",,true,true,false,3,,https://ddragon.leagueoflegends.com/cdn/16.19.1/img/item/3071.png,https://ddragon.leagueoflegends.com/cdn/16.19.1/data/pt_BR/item.json,,,400,,,,,45,,,,
16.19.1,2026-09-25T01:42:44.216Z,3072,Sedenta por Sangue,"80 de Dano de Ataque
15% de Roubo de Vida

Ícor-escudo
Converte a cura excedente do Roubo de Vida em um Escudo.",<mainText><stats><attention>80</attention> de Dano de Ataque<br><attention>15%</attention> de Roubo de Vida</stats><br><br><passive>Ícor-escudo</passive><br>Converte a cura excedente do Roubo de Vida em um <shield>Escudo</shield>.</mainText>,"Concede Dano de Ataque, Roubo de Vida. O Roubo de Vida pode sobrecurar",325,3400,2380,"[""1038"",""1037"",""1053""]",,"[""Damage"",""LifeSteal""]","{""FlatPhysicalDamageMod"":80,""PercentLifeStealMod"":0.15}",,true,true,false,3,,https://ddragon.leagueoflegends.com/cdn/16.19.1/img/item/3072.png,https://ddragon.leagueoflegends.com/cdn/16.19.1/data/pt_BR/item.json,,,,,,,,80,,,0.15,
16.19.1,2026-09-25T01:42:44.216Z,3073,Hexoplaca Experimental,"40 de Dano de Ataque
20% de Velocidade de Ataque
450 de Vida

Hexcarregado
Recebe 30 de Aceleração da Habilidade Ultimate.

Turbo
Depois de conjurar sua ultimate, recebe 0% de Velocidade de Ataque e 0% de Velocidade de Movimento por 8s.","<mainText><stats><attention>40</attention> de Dano de Ataque<br><attention>20%</attention> de Velocidade de Ataque<br><attention>450</attention> de Vida</stats><br><br><passive>Hexcarregado</passive><br>Recebe 30 de Aceleração da Habilidade Ultimate.<br><br><passive>Turbo</passive><br>Depois de conjurar sua ultimate, recebe <attackSpeed>0% de Velocidade de Ataque</attackSpeed> e <speed>0% de Velocidade de Movimento</speed> por 8s. </mainText>",Aumenta a Mana máxima conforme ela é gasta,500,3000,2100,"[""2021"",""1042"",""3044""]",,"[""Health"",""Damage"",""AttackSpeed"",""CooldownReduction"",""NonbootsMovement"",""AbilityHaste""]","{""FlatHPPoolMod"":450,""FlatPhysicalDamageMod"":40,""PercentAttackSpeedMod"":0.2}",,true,true,false,3,,https://ddragon.leagueoflegends.com/cdn/16.19.1/img/item/3073.png,https://ddragon.leagueoflegends.com/cdn/16.19.1/data/pt_BR/item.json,,,450,,,,,40,,0.2,,
16.19.1,2026-09-25T01:42:44.216Z,3074,Hidra Raivosa,"65 de Dano de Ataque
15 de Aceleração de Habilidade
12% de Roubo de Vida

Fenda
Ataques causam Dano Físico a inimigos próximos.Crescente Raivosa
Causa Dano Físico a inimigos ao seu redor.
Seu Roubo de Vida se aplica a esse dano.",<mainText><stats><attention>65</attention> de Dano de Ataque<br><attention>15</attention> de Aceleração de Habilidade<br><attention>12%</attention> de Roubo de Vida</stats><br><br><passive>Fenda</passive><br>Ataques causam <physicalDamage>Dano Físico</physicalDamage> a inimigos próximos.<active>Crescente Raivosa</active><br>Causa <physicalDamage>Dano Físico</physicalDamage> a inimigos ao seu redor. <br>Seu Roubo de Vida se aplica a esse dano.</mainText>,"Ataques corpo a corpo atingem inimigos próximos, causando dano restaurando Vida",150,3300,2310,"[""3077"",""1053"",""3133""]",,"[""Damage"",""LifeSteal"",""CooldownReduction"",""OnHit"",""AbilityHaste""]","{""FlatPhysicalDamageMod"":65,""PercentLifeStealMod"":0.12}",,true,true,false,3,,https://ddragon.leagueoflegends.com/cdn/16.19.1/img/item/3074.png,https://ddragon.leagueoflegends.com/cdn/16.19.1/data/pt_BR/item.json,,,,,,,,65,,,0.12,
16.19.1,2026-09-25T01:42:44.216Z,3075,Armadura de Espinhos,"150 de Vida
75 de Armadura

Espinhos
Ao ser atingido por um Ataque, causa Dano Mágico ao atacante e aplica 40% de Ferimentos por 3s se ele for um Campeão.","<mainText><stats><attention>150</attention> de Vida<br><attention>75</attention> de Armadura</stats><br><br><passive>Espinhos</passive><br>Ao ser atingido por um Ataque, causa <magicDamage>Dano Mágico</magicDamage> ao atacante e aplica 40% de <keyword>Ferimentos</keyword> por 3s se ele for um Campeão.</mainText>",,450,2450,1715,"[""3076"",""1031"",""1028""]",,"[""Health"",""Armor""]","{""FlatHPPoolMod"":150,""FlatArmorMod"":75}",,true,true,false,3,,https://ddragon.leagueoflegends.com/cdn/16.19.1/img/item/3075.png,https://ddragon.leagueoflegends.com/cdn/16.19.1/data/pt_BR/item.json,75,,150,,,,,,,,,
16.19.1,2026-09-25T01:42:44.216Z,3076,Colete Espinhoso,"30 de Armadura

Espinhos
Ao ser atingido por um Ataque, causa 0 de Dano Mágico ao atacante e aplica 40% de Ferimentos por 3s se ele for um Campeão.","<mainText><stats><attention>30</attention> de Armadura</stats><br><br><passive>Espinhos</passive><br>Ao ser atingido por um Ataque, causa <magicDamage>0 de Dano Mágico</magicDamage> ao atacante e aplica <keyword>40% de Ferimentos</keyword> por 3s se ele for um Campeão.</mainText>",,200,800,560,"[""1029"",""1029""]","[""323075"",""3075""]","[""Armor""]","{""FlatArmorMod"":30}",,true,true,false,2,,https://ddragon.leagueoflegends.com/cdn/16.19.1/img/item/3076.png,https://ddragon.leagueoflegends.com/cdn/16.19.1/data/pt_BR/item.json,30,,,,,,,,,,,
16.19.1,2026-09-25T01:42:44.216Z,3077,Tiamat,"25 de Dano de Ataque

Fenda
Ataques causam Dano Físico a inimigos próximos.
Crescente
Causa Dano Físico a inimigos ao seu redor.",<mainText><stats><attention>25</attention> de Dano de Ataque</stats><br><br><passive>Fenda</passive><br>Ataques causam <physicalDamage>Dano Físico</physicalDamage> a inimigos próximos.<br><active>Crescente</active><br>Causa <physicalDamage>Dano Físico</physicalDamage> a inimigos ao seu redor.</mainText>,Ataques corpo a corpo atingem inimigos próximos,500,1200,840,"[""1036"",""1036""]","[""3074"",""3748"",""6698"",""6631""]","[""Damage"",""OnHit""]","{""FlatPhysicalDamageMod"":25}",,true,true,false,2,,https://ddragon.leagueoflegends.com/cdn/16.19.1/img/item/3077.png,https://ddragon.leagueoflegends.com/cdn/16.19.1/data/pt_BR/item.json,,,,,,,,25,,,,
16.19.1,2026-09-25T01:42:44.216Z,3078,Força da Trindade,"36 de Dano de Ataque
30% de Velocidade de Ataque
333 de Vida
15 de Aceleração de Habilidade

Lâmina Arcana
Após usar uma Habilidade, seu próximo Ataque causa Dano Físico adicional ao contato.

Apressar
Ataques concedem 20 de Velocidade de Movimento por 2s.","<mainText><stats><attention>36</attention> de Dano de Ataque<br><attention>30%</attention> de Velocidade de Ataque<br><attention>333</attention> de Vida<br><attention>15</attention> de Aceleração de Habilidade</stats><br><br><passive>Lâmina Arcana</passive><br>Após usar uma Habilidade, seu próximo Ataque causa <physicalDamage>Dano Físico adicional</physicalDamage> <OnHit>ao contato</OnHit>.<br> <br><passive>Apressar</passive><br>Ataques concedem <speed>20 de Velocidade de Movimento</speed> por 2s.</mainText>",Toneladas de dano,133,3333,2333,"[""3057"",""3044"",""3051""]",,"[""Health"",""Damage"",""AttackSpeed"",""CooldownReduction"",""OnHit"",""NonbootsMovement"",""AbilityHaste""]","{""FlatHPPoolMod"":333,""FlatPhysicalDamageMod"":36,""PercentAttackSpeedMod"":0.3}","{""Effect1Amount"":""25"",""Effect2Amount"":""60"",""Effect3Amount"":""2"",""Effect4Amount"":""1.5"",""Effect5Amount"":""1.5""}",true,true,false,3,,https://ddragon.leagueoflegends.com/cdn/16.19.1/img/item/3078.png,https://ddragon.leagueoflegends.com/cdn/16.19.1/data/pt_BR/item.json,,,333,,,,,36,,0.3,,
16.19.1,2026-09-25T01:42:44.216Z,3082,Carapaça do Vigia,"40 de Armadura

Duro como Pedra
Reduz o dano sofrido de Ataques.",<mainText><stats><attention>40</attention> de Armadura</stats><br><br><passive>Duro como Pedra</passive><br>Reduz o dano sofrido de Ataques.</mainText>,,400,1000,700,"[""1029"",""1029""]","[""323110"",""3110"",""3143""]","[""Armor""]","{""FlatArmorMod"":40}",,true,true,false,2,,https://ddragon.leagueoflegends.com/cdn/16.19.1/img/item/3082.png,https://ddragon.leagueoflegends.com/cdn/16.19.1/data/pt_BR/item.json,40,,,,,,,,,,,
16.19.1,2026-09-25T01:42:44.216Z,3083,Armadura de Warmog,"1000 de Vida
100% de Regeneração de Vida base

Coração de Warmog
Caso você tenha 2000 de Vida adicional e não tenha sofrido dano nos últimos 8s, restaura 0 de Vida por segundo.

Vitalidade de Warmog
Recebe Vida adicional equivalente a 12% da sua Vida de itens (0).","<mainText><stats><attention>1000</attention> de Vida<br><attention>100%</attention> de Regeneração de Vida base</stats><br><br><passive>Coração de Warmog</passive> <br>Caso você tenha 2000 de Vida adicional e não tenha sofrido dano nos últimos 8s, restaura <healing>0</healing> de Vida por segundo.<br><br><passive>Vitalidade de Warmog</passive><br>Recebe Vida adicional equivalente a 12% da sua Vida de itens (<healing>0</healing>).</mainText>",Concede uma boa quantidade de Vida e de Regeneração de Vida,500,3100,2170,"[""1011"",""1011"",""3801""]",,"[""Health"",""HealthRegen""]","{""FlatHPPoolMod"":1000}",,true,true,false,3,,https://ddragon.leagueoflegends.com/cdn/16.19.1/img/item/3083.png,https://ddragon.leagueoflegends.com/cdn/16.19.1/data/pt_BR/item.json,,,1000,,,,,,,,,
16.19.1,2026-09-25T01:42:44.216Z,3084,Coração de Aço,"900 de Vida
100% de Regeneração de Vida base

Consumo Colossal (0s) por alvo
Se um Campeão inimigo permanecer próximo por alguns segundos, seu próximo Ataque contra ele causará 70 mais 6% da sua Vida máxima como Dano Físico adicional e concederá 10% do dano como Vida máxima.

Golias
Para cada 1000 de Vida máxima, recebe 3% de aumento de tamanho, chegando a até 30%.","<mainText><stats><attention>900</attention> de Vida<br><attention>100%</attention> de Regeneração de Vida base</stats><br><br><passive>Consumo Colossal</passive> (0s) por alvo<br>Se um Campeão inimigo permanecer próximo por alguns segundos, seu próximo Ataque contra ele causará <physicalDamage>70 mais 6%</physicalDamage> da sua Vida máxima como <physicalDamage>Dano Físico adicional</physicalDamage> e concederá <scaleHealth>10%</scaleHealth> do dano como <scaleHealth>Vida máxima.</scaleHealth><br><br><passive>Golias</passive><br>Para cada <scaleHealth>1000 de Vida máxima</scaleHealth>, recebe 3% de aumento de tamanho, chegando a até 30%. </mainText>",Restaura Vida em abates ou assistências,400,3000,2100,"[""1011"",""3801"",""1011""]",,"[""Health"",""HealthRegen""]","{""FlatHPPoolMod"":900}",,true,true,false,3,,https://ddragon.leagueoflegends.com/cdn/16.19.1/img/item/3084.png,https://ddragon.leagueoflegends.com/cdn/16.19.1/data/pt_BR/item.json,,,900,,,,,,,,,
16.19.1,2026-09-25T01:42:44.216Z,3085,Furacão de Runaan,"40% de Velocidade de Ataque
25% de Chance de Acerto Crítico
5% de Velocidade de Movimento

Fúria do Vento
Ataques disparam projéteis em 2 inimigos adicionais próximos ao alvo.
Cada projétil causa Dano Físico e aplica efeitos ao contato.",<mainText><stats><attention>40%</attention> de Velocidade de Ataque<br><attention>25%</attention> de Chance de Acerto Crítico<br><attention>5%</attention> de Velocidade de Movimento</stats><br><br><passive>Fúria do Vento</passive><br>Ataques disparam projéteis em 2 inimigos adicionais próximos ao alvo.<br>Cada projétil causa <physicalDamage>Dano Físico</physicalDamage> e aplica efeitos <OnHit>ao contato</OnHit>.</mainText>,Ataques à distância disparam dois projéteis em inimigos próximos,850,2650,1855,"[""3086"",""3144""]",,"[""CriticalStrike"",""AttackSpeed"",""OnHit"",""NonbootsMovement""]","{""FlatCritChanceMod"":0.25,""PercentAttackSpeedMod"":0.4,""PercentMovementSpeedMod"":0.05}","{""Effect1Amount"":""0"",""Effect2Amount"":""40"",""Effect3Amount"":""2"",""Effect4Amount"":""0"",""Effect5Amount"":""40"",""Effect6Amount"":""1""}",true,true,false,3,,https://ddragon.leagueoflegends.com/cdn/16.19.1/img/item/3085.png,https://ddragon.leagueoflegends.com/cdn/16.19.1/data/pt_BR/item.json,,0.25,,,,,,,,0.4,,0.05
16.19.1,2026-09-25T01:42:44.216Z,3086,Zelo,"15% de Velocidade de Ataque
15% de Chance de Acerto Crítico
4% de Velocidade de Movimento",<mainText><stats><attention>15%</attention> de Velocidade de Ataque<br><attention>15%</attention> de Chance de Acerto Crítico<br><attention>4%</attention> de Velocidade de Movimento</stats><br><br></mainText>,"Leve aprimoramento na Chance de Acerto Crítico, Velocidade de Movimento e de Ataque",350,1200,840,"[""1018"",""1042""]","[""2512"",""3094"",""3046"",""3085"",""4403"",""6671"",""6675""]","[""CriticalStrike"",""AttackSpeed"",""NonbootsMovement""]","{""FlatCritChanceMod"":0.15,""PercentAttackSpeedMod"":0.15,""PercentMovementSpeedMod"":0.04}",,true,true,false,2,,https://ddragon.leagueoflegends.com/cdn/16.19.1/img/item/3086.png,https://ddragon.leagueoflegends.com/cdn/16.19.1/data/pt_BR/item.json,,0.15,,,,,,,,0.15,,0.04
16.19.1,2026-09-25T01:42:44.216Z,3087,Faca de Statikk,"45 de Dano de Ataque
45 de Poder de Habilidade
30% de Velocidade de Ataque
4% de Velocidade de Movimento

Eletrocentelha
Seus Ataques Energizados disparam uma cadeia de relâmpagos, aplicando efeitos ao contato e causando Dano Mágico aos alvos próximos.

Eletrochoque
Ataques básicos concedem acúmulos de Energizado adicionais.","<mainText><stats><attention>45</attention> de Dano de Ataque<br><attention>45</attention> de Poder de Habilidade<br><attention>30%</attention> de Velocidade de Ataque<br><attention>4%</attention> de Velocidade de Movimento</stats><br><br><passive>Eletrocentelha</passive><br>Seus <keyword>Ataques Energizados</keyword> disparam uma cadeia de relâmpagos, aplicando efeitos <OnHit>ao contato</OnHit> e causando <magicDamage>Dano Mágico</magicDamage> aos alvos próximos.<br><br><passive>Eletrochoque</passive> <br>Ataques básicos concedem acúmulos de <keyword>Energizado</keyword> adicionais.</mainText>",Movimentação acumula cargas que desferem um relâmpago em ataques básicos,625,3000,2100,"[""3144"",""3113"",""1037""]",,"[""Damage"",""AttackSpeed"",""SpellDamage"",""OnHit"",""NonbootsMovement""]","{""FlatMagicDamageMod"":45,""FlatPhysicalDamageMod"":45,""PercentAttackSpeedMod"":0.3,""PercentMovementSpeedMod"":0.04}",,true,true,false,3,,https://ddragon.leagueoflegends.com/cdn/16.19.1/img/item/3087.png,https://ddragon.leagueoflegends.com/cdn/16.19.1/data/pt_BR/item.json,,,,,,45,,45,,0.3,,0.04
16.19.1,2026-09-25T01:42:44.216Z,3089,Capuz da Morte de Rabadon,"130 de Poder de Habilidade

Apogeu Mágico
Aumenta o Poder de Habilidade total em 30%.",<mainText><stats><attention>130</attention> de Poder de Habilidade</stats><br><br><passive>Apogeu Mágico</passive><br>Aumenta o <scaleAP>Poder de Habilidade total em 30%</scaleAP>.</mainText>,Aumenta drasticamente o Poder de Habilidade,1100,3500,2450,"[""1058"",""1058""]",,"[""SpellDamage""]","{""FlatMagicDamageMod"":130}",,true,true,false,2,,https://ddragon.leagueoflegends.com/cdn/16.19.1/img/item/3089.png,https://ddragon.leagueoflegends.com/cdn/16.19.1/data/pt_BR/item.json,,,,,,130,,,,,,
16.19.1,2026-09-25T01:42:44.216Z,3091,Limite da Razão,"50% de Velocidade de Ataque
45 de Resistência Mágica
20% de Tenacidade

Duelo
Seus Ataques causam Dano Mágico adicional ao contato.",<mainText><stats><attention>50%</attention> de Velocidade de Ataque<br><attention>45</attention> de Resistência Mágica<br><attention>20%</attention> de Tenacidade</stats><br><br><passive>Duelo</passive><br>Seus Ataques causam <magicDamage>Dano Mágico adicional</magicDamage> <OnHit>ao contato</OnHit>.</mainText>,Resista a Dano Mágico e arranque sua Vida de volta.,550,2800,1960,"[""1043"",""1057"",""1043""]",,"[""SpellBlock"",""AttackSpeed"",""OnHit"",""Tenacity""]","{""FlatSpellBlockMod"":45,""PercentAttackSpeedMod"":0.5}",,true,true,false,3,,https://ddragon.leagueoflegends.com/cdn/16.19.1/img/item/3091.png,https://ddragon.leagueoflegends.com/cdn/16.19.1/data/pt_BR/item.json,,,,,,,,,45,0.5,,
16.19.1,2026-09-25T01:42:44.216Z,3094,Canhão Fumegante,"35% de Velocidade de Ataque
25% de Chance de Acerto Crítico
4% de Velocidade de Movimento

Atirador de Elite
Seu Ataque Energizado causa 40 de Dano Mágico adicional e recebe 35% de Alcance de Ataque adicional.",<mainText><stats><attention>35%</attention> de Velocidade de Ataque<br><attention>25%</attention> de Chance de Acerto Crítico<br><attention>4%</attention> de Velocidade de Movimento</stats><br><br><passive>Atirador de Elite</passive><br>Seu <keyword>Ataque Energizado</keyword> causa <magicDamage>40 de Dano Mágico adicional</magicDamage> e recebe 35% de Alcance de Ataque adicional.</mainText>,Movimentação acumula cargas que desferem um ataque flamejante,850,2650,1855,"[""3086"",""3144""]",,"[""CriticalStrike"",""AttackSpeed"",""NonbootsMovement""]","{""FlatCritChanceMod"":0.25,""PercentAttackSpeedMod"":0.35,""PercentMovementSpeedMod"":0.04}",,true,true,false,3,,https://ddragon.leagueoflegends.com/cdn/16.19.1/img/item/3094.png,https://ddragon.leagueoflegends.com/cdn/16.19.1/data/pt_BR/item.json,,0.25,,,,,,,,0.35,,0.04
16.19.1,2026-09-25T01:42:44.216Z,3095,Chuva de Canivete,"50 de Dano de Ataque
25% de Velocidade de Ataque
25% de Chance de Acerto Crítico

Energizado
Mover-se e Atacar gera um Ataque Energizado.

Raio
Seu Ataque Energizado causa 0 de Dano Mágico adicional e concede 45% de Velocidade de Movimento por 1.5s.",<mainText><stats><attention>50</attention> de Dano de Ataque<br><attention>25%</attention> de Velocidade de Ataque<br><attention>25%</attention> de Chance de Acerto Crítico</stats><br><br><passive>Energizado</passive><br>Mover-se e Atacar gera um <keyword>Ataque Energizado</keyword>.<br><br><passive>Raio</passive><br>Seu <keyword>Ataque Energizado</keyword> causa <magicDamage>0 de Dano Mágico adicional</magicDamage> e concede <speed>45% de Velocidade de Movimento</speed> por 1.5s.<br></mainText>,Fortalece absurdamente outros efeitos Energizados,700,3200,2240,"[""1038"",""1018"",""3144""]",,"[""Damage"",""CriticalStrike"",""AttackSpeed"",""NonbootsMovement""]","{""FlatCritChanceMod"":0.25,""FlatPhysicalDamageMod"":50,""PercentAttackSpeedMod"":0.25}",,true,true,false,3,,https://ddragon.leagueoflegends.com/cdn/16.19.1/img/item/3095.png,https://ddragon.leagueoflegends.com/cdn/16.19.1/data/pt_BR/item.json,,0.25,,,,,,50,,0.25,,
16.19.1,2026-09-25T01:42:44.216Z,3100,Perdição de Lich,"100 de Poder de Habilidade
6% de Velocidade de Movimento
10 de Aceleração de Habilidade

Lâmina Arcana
Após usar uma Habilidade, seu próximo Ataque causa Dano Mágico adicional ao contato.","<mainText><stats><attention>100</attention> de Poder de Habilidade<br><attention>6%</attention> de Velocidade de Movimento<br><attention>10</attention> de Aceleração de Habilidade</stats><br><br><passive>Lâmina Arcana</passive><br>Após usar uma Habilidade, seu próximo Ataque causa <magicDamage>Dano Mágico adicional</magicDamage> <OnHit>ao contato</OnHit>.</mainText>",Concede um efeito ao ataque básico feito após uma conjuração,250,2900,2030,"[""3057"",""3113"",""1026""]",,"[""SpellDamage"",""OnHit"",""NonbootsMovement"",""AbilityHaste""]","{""FlatMagicDamageMod"":100,""PercentMovementSpeedMod"":0.06}",,true,true,false,3,,https://ddragon.leagueoflegends.com/cdn/16.19.1/img/item/3100.png,https://ddragon.leagueoflegends.com/cdn/16.19.1/data/pt_BR/item.json,,,,,,100,,,,,,0.06
16.19.1,2026-09-25T01:42:44.216Z,3102,Véu da Banshee,"105 de Poder de Habilidade
40 de Resistência Mágica

Anular
Concede um Escudo de Feitiço que bloqueia a próxima Habilidade inimiga.",<mainText><stats><attention>105</attention> de Poder de Habilidade<br><attention>40</attention> de Resistência Mágica</stats><br><br><passive>Anular</passive><br>Concede um Escudo de Feitiço que bloqueia a próxima Habilidade inimiga.</mainText>,Periodicamente bloqueia habilidades inimigas,200,3000,2100,"[""1058"",""4632""]",,"[""SpellBlock"",""SpellDamage""]","{""FlatSpellBlockMod"":40,""FlatMagicDamageMod"":105}","{""Effect1Amount"":""40"",""Effect2Amount"":""45"",""Effect3Amount"":""10"",""Effect4Amount"":""-0.1"",""Effect5Amount"":""8"",""Effect6Amount"":""2""}",true,true,false,3,,https://ddragon.leagueoflegends.com/cdn/16.19.1/img/item/3102.png,https://ddragon.leagueoflegends.com/cdn/16.19.1/data/pt_BR/item.json,,,,,,105,,,40,,,
16.19.1,2026-09-25T01:42:44.216Z,3107,Redenção,"30 de Poder de Habilidade
15 de Aceleração de Habilidade
100% de Regeneração de Mana base
10% de Cura e Resistência do Escudo

Intervenção
Depois de 2,5s, restaura 150 - 350 da Vida das unidades aliadas e causa 10% da Vida máxima como Dano Verdadeiro a Campeões inimigos.","<mainText><stats><attention>30</attention> de Poder de Habilidade<br><attention>15</attention> de Aceleração de Habilidade<br><attention>100%</attention> de Regeneração de Mana base<br><attention>10%</attention> de Cura e Resistência do Escudo</stats><br><br><active>Intervenção</active><br>Depois de 2,5s, restaura <healing>150 - 350 da Vida</healing> das unidades aliadas e causa <trueDamage>10% da Vida máxima como Dano Verdadeiro</trueDamage> a Campeões inimigos.</mainText>",Ative para curar aliados e causar dano a inimigos em uma área,850,2300,1610,"[""3108"",""3114""]",,"[""SpellDamage"",""ManaRegen"",""CooldownReduction"",""AbilityHaste""]","{""FlatMagicDamageMod"":30}",,true,true,false,3,,https://ddragon.leagueoflegends.com/cdn/16.19.1/img/item/3107.png,https://ddragon.leagueoflegends.com/cdn/16.19.1/data/pt_BR/item.json,,,,,,30,,,,,,
16.19.1,2026-09-25T01:42:44.216Z,3108,Códex Demoníaco,"25 de Poder de Habilidade
10 de Aceleração de Habilidade",<mainText><stats><attention>25</attention> de Poder de Habilidade<br><attention>10</attention> de Aceleração de Habilidade</stats><br><br></mainText>,Aumenta o Poder de Habilidade e a Redução do Tempo de Recarga,200,850,595,"[""1052"",""2022""]","[""123430"",""4636"",""323003"",""3115"",""3003"",""326616"",""3107"",""3128"",""3137"",""8010"",""6616"",""4628"",""4629"",""4633""]","[""SpellDamage"",""CooldownReduction"",""AbilityHaste""]","{""FlatMagicDamageMod"":25}","{""Effect1Amount"":""-0.1""}",true,true,false,2,,https://ddragon.leagueoflegends.com/cdn/16.19.1/img/item/3108.png,https://ddragon.leagueoflegends.com/cdn/16.19.1/data/pt_BR/item.json,,,,,,25,,,,,,
16.19.1,2026-09-25T01:42:44.216Z,3109,Juramento do Cavaleiro,"200 de Vida
40 de Armadura
10 de Aceleração de Habilidade
100% de Regeneração de Vida base

Sacrifício
Enquanto seu aliado Digno estiver próximo, você sofre 14% do dano sofrido por ele e se cura em 12% do dano causado por ele a Campeões.Pacto (0s)
Designa um aliado como Digno.","<mainText><stats><attention>200</attention> de Vida<br><attention>40</attention> de Armadura<br><attention>10</attention> de Aceleração de Habilidade<br><attention>100%</attention> de Regeneração de Vida base</stats><br><br><passive>Sacrifício</passive><br>Enquanto seu aliado <attention>Digno</attention> estiver próximo, você sofre 14% do dano sofrido por ele e se <healing>cura em 12%</healing> do dano causado por ele a Campeões.<active>Pacto</active> (0s)<br>Designa um aliado como <attention>Digno</attention>.</mainText>",Faça uma Parceria com um aliado para proteger um ao outro,400,2300,1610,"[""3067"",""1031"",""1006""]",,"[""Health"",""HealthRegen"",""Armor"",""Aura"",""Active"",""CooldownReduction"",""AbilityHaste""]","{""FlatHPPoolMod"":200,""FlatArmorMod"":40}",,true,true,false,3,,https://ddragon.leagueoflegends.com/cdn/16.19.1/img/item/3109.png,https://ddragon.leagueoflegends.com/cdn/16.19.1/data/pt_BR/item.json,40,,200,,,,,,,,,
16.19.1,2026-09-25T01:42:44.216Z,3110,Coração Congelado,"75 de Armadura
400 de Mana
20 de Aceleração de Habilidade

Carícia do Inverno
Reduz a Velocidade de Ataque dos Campeões próximos em 20%.",<mainText><stats><attention>75</attention> de Armadura<br><attention>400</attention> de Mana<br><attention>20</attention> de Aceleração de Habilidade</stats><br><br><passive>Carícia do Inverno</passive><br>Reduz a <attackSpeed>Velocidade de Ataque</attackSpeed> dos Campeões próximos em <attackSpeed>20%</attackSpeed>.</mainText>,Aumenta drasticamente a Armadura e reduz a velocidade dos ataques básicos inimigos,600,2500,1750,"[""3082"",""3024""]",,"[""Armor"",""Mana"",""Aura"",""CooldownReduction"",""AbilityHaste""]","{""FlatMPPoolMod"":400,""FlatArmorMod"":75}",,true,true,false,3,,https://ddragon.leagueoflegends.com/cdn/16.19.1/img/item/3110.png,https://ddragon.leagueoflegends.com/cdn/16.19.1/data/pt_BR/item.json,75,,,,400,,,,,,,
16.19.1,2026-09-25T01:42:44.216Z,3111,Passos de Mercúrio,"20 de Resistência Mágica
45 de Velocidade de Movimento
30% de Tenacidade",<mainText><stats><attention>20</attention> de Resistência Mágica<br><attention>45</attention> de Velocidade de Movimento<br><attention>30%</attention> de Tenacidade</stats><br><br></mainText>,Aumenta a Velocidade de Movimento e reduz a duração de efeitos debilitantes,550,1250,875,"[""1001"",""1033""]","[""3173""]","[""Boots"",""SpellBlock"",""Tenacity""]","{""FlatSpellBlockMod"":20,""FlatMovementSpeedMod"":45}",,true,true,false,2,,https://ddragon.leagueoflegends.com/cdn/16.19.1/img/item/3111.png,https://ddragon.leagueoflegends.com/cdn/16.19.1/data/pt_BR/item.json,,,,,,,45,,20,,,
16.19.1,2026-09-25T01:42:44.216Z,3112,Orbe do Guardião,"50 de Poder de Habilidade
150 de Vida

Recuperação: restaura 10 de Mana a cada 5s. Caso você não possa receber Mana, restaura 15 de Vida.","<mainText><stats><attention>50</attention> de Poder de Habilidade<br><attention>150</attention> de Vida</stats><br><br><br><li><passive>Recuperação:</passive> restaura <scaleMana>10 de Mana</scaleMana> a cada 5s. Caso você não possa receber Mana, restaura <healing>15 de Vida</healing>.<br></mainText>",Bom item iniciante para magos,950,950,665,,,"[""Health"",""SpellDamage"",""ManaRegen"",""Lane""]","{""FlatHPPoolMod"":150,""FlatMagicDamageMod"":50}","{""Effect1Amount"":""3""}",true,true,false,,,https://ddragon.leagueoflegends.com/cdn/16.19.1/img/item/3112.png,https://ddragon.leagueoflegends.com/cdn/16.19.1/data/pt_BR/item.json,,,150,,,50,,,,,,
16.19.1,2026-09-25T01:42:44.216Z,3113,Cintilação Etérea,"30 de Poder de Habilidade
4% de Velocidade de Movimento",<mainText><stats><attention>30</attention> de Poder de Habilidade<br><attention>4%</attention> de Velocidade de Movimento</stats><br><br></mainText>,Aumenta o Poder de Habilidade e a Velocidade de Movimento,500,900,630,"[""1052""]","[""123430"",""3100"",""2065"",""322065"",""3087"",""323504"",""3504"",""4629"",""4646""]","[""NonbootsMovement"",""SpellDamage""]","{""FlatMagicDamageMod"":30,""PercentMovementSpeedMod"":0.04}",,true,true,false,2,,https://ddragon.leagueoflegends.com/cdn/16.19.1/img/item/3113.png,https://ddragon.leagueoflegends.com/cdn/16.19.1/data/pt_BR/item.json,,,,,,30,,,,,,0.04
16.19.1,2026-09-25T01:42:44.216Z,3114,Ídolo Proibido,"50% de Regeneração de Mana base
8% de Cura e Resistência do Escudo",<mainText><stats><attention>50%</attention> de Regeneração de Mana base<br><attention>8%</attention> de Cura e Resistência do Escudo</stats><br><br></mainText>,"Aumenta o poder de curas e escudos, Regeneração de Mana e Redução do Tempo de Recarga",400,600,420,"[""1004""]","[""124011"",""326621"",""223011"",""323222"",""323107"",""322526"",""2526"",""3011"",""326616"",""3107"",""3222"",""323504"",""3504"",""6616"",""6621""]","[""ManaRegen""]",{},,true,true,false,2,,https://ddragon.leagueoflegends.com/cdn/16.19.1/img/item/3114.png,https://ddragon.leagueoflegends.com/cdn/16.19.1/data/pt_BR/item.json,,,,,,,,,,,,
16.19.1,2026-09-25T01:42:44.216Z,3115,Dente de Na'Shor,"80 de Poder de Habilidade
50% de Velocidade de Ataque
15 de Aceleração de Habilidade

Mordida Icathiana
Seus Ataques causam Dano Mágico adicional ao contato.",<mainText><stats><attention>80</attention> de Poder de Habilidade<br><attention>50%</attention> de Velocidade de Ataque<br><attention>15</attention> de Aceleração de Habilidade</stats><br><br><passive>Mordida Icathiana</passive><br>Seus Ataques causam <magicDamage>Dano Mágico adicional</magicDamage> <OnHit>ao contato</OnHit>.</mainText>,"Aumenta a Velocidade de Ataque, Poder de Habilidade e Redução do Tempo de Recarga",500,2900,2030,"[""1043"",""1026"",""3108""]",,"[""AttackSpeed"",""SpellDamage"",""OnHit"",""AbilityHaste""]","{""FlatMagicDamageMod"":80,""PercentAttackSpeedMod"":0.5}",,true,true,false,3,,https://ddragon.leagueoflegends.com/cdn/16.19.1/img/item/3115.png,https://ddragon.leagueoflegends.com/cdn/16.19.1/data/pt_BR/item.json,,,,,,80,,,,0.5,,
16.19.1,2026-09-25T01:42:44.216Z,3116,Cetro de Cristal de Rylai,"65 de Poder de Habilidade
400 de Vida

Geada
Habilidades de dano também causam 30% de Lentidão aos inimigos por 1s.",<mainText><stats><attention>65</attention> de Poder de Habilidade<br><attention>400</attention> de Vida</stats><br><br><passive>Geada</passive><br>Habilidades de dano também causam 30% de <keyword>Lentidão</keyword> aos inimigos por 1s.</mainText>,Habilidades reduzem a velocidade de inimigos,450,2600,1820,"[""1026"",""1011"",""1052""]",,"[""Health"",""SpellDamage"",""Slow""]","{""FlatHPPoolMod"":400,""FlatMagicDamageMod"":65}","{""Effect1Amount"":""-0.3"",""Effect2Amount"":""-0.3"",""Effect3Amount"":""-0.3"",""Effect4Amount"":""1"",""Effect5Amount"":""1"",""Effect6Amount"":""1""}",true,true,false,3,,https://ddragon.leagueoflegends.com/cdn/16.19.1/img/item/3116.png,https://ddragon.leagueoflegends.com/cdn/16.19.1/data/pt_BR/item.json,,,400,,,65,,,,,,
16.19.1,2026-09-25T01:42:44.216Z,3118,Malevolência,"90 de Poder de Habilidade
600 de Mana
15 de Aceleração de Habilidade

Escárnio
Recebe 20 de Aceleração de Habilidade da Ultimate.

Névoa Odiosa
Causar dano a um Campeão com sua Ultimate queima o chão abaixo dele por 3s, causando Dano Mágico por segundo e reduzindo-lhe a Resistência Mágica.","<mainText><stats><attention>90</attention> de Poder de Habilidade<br><attention>600</attention> de Mana<br><attention>15</attention> de Aceleração de Habilidade</stats><br><br><passive>Escárnio</passive><br>Recebe 20 de Aceleração de Habilidade da Ultimate.<br><br><passive>Névoa Odiosa</passive><br>Causar dano a um Campeão com sua Ultimate queima o chão abaixo dele por 3s, causando <magicDamage>Dano Mágico</magicDamage> por segundo e reduzindo-lhe a <scaleMR>Resistência Mágica</scaleMR>.<br></mainText>",Faça uma Parceria com um aliado para proteger um ao outro,650,2700,1890,"[""3802"",""1026""]",,"[""SpellDamage"",""Mana"",""AbilityHaste""]","{""FlatMPPoolMod"":600,""FlatMagicDamageMod"":90}",,true,true,false,3,,https://ddragon.leagueoflegends.com/cdn/16.19.1/img/item/3118.png,https://ddragon.leagueoflegends.com/cdn/16.19.1/data/pt_BR/item.json,,,,,600,90,,,,,,
16.19.1,2026-09-25T01:42:44.216Z,3119,Aproximação Invernal,"550 de Vida
500 de Mana
15 de Aceleração de Habilidade

Fascínio
Recebe 0 de Vida.

Fluxo de Mana (8s, máximo de 4 cargas)
Acertar Ataques e Habilidades concede 3 de Mana máximo (dobrado contra Campeões).
Transforma-se em Fimbulwinter com 360 de Mana máximo.","<mainText><stats><attention>550</attention> de Vida<br><attention>500</attention> de Mana<br><attention>15</attention> de Aceleração de Habilidade</stats><br><br><passive>Fascínio</passive><br>Recebe <scaleHealth>0 de Vida</scaleHealth>.<br><br><passive>Fluxo de Mana</passive> (8s, máximo de 4 cargas)<br>Acertar Ataques e Habilidades concede <scaleMana>3 de Mana máximo</scaleMana> (dobrado contra Campeões).<br>Transforma-se em <rarityLegendary>Fimbulwinter</rarityLegendary> com <scaleMana>360 de Mana máximo</scaleMana>.</mainText>",,300,2400,1680,"[""3070"",""1011"",""3067""]",,"[""Health"",""Mana"",""AbilityHaste""]","{""FlatMPPoolMod"":500,""FlatHPPoolMod"":550}",,true,true,false,3,,https://ddragon.leagueoflegends.com/cdn/16.19.1/img/item/3119.png,https://ddragon.leagueoflegends.com/cdn/16.19.1/data/pt_BR/item.json,,,550,,500,,,,,,,
16.19.1,2026-09-25T01:42:44.216Z,3123,Chamado do Carrasco,"15 de Dano de Ataque

Feridas Dolorosas
Causar Dano Físico a Campeões aplica 40% de Ferimentos por 3s.",<mainText><stats><attention>15</attention> de Dano de Ataque</stats><br><br><passive>Feridas Dolorosas</passive><br>Causar Dano Físico a Campeões aplica <keyword>40% de Ferimentos</keyword> por 3s.</mainText>,Supera inimigos com alto recebimento de vida,450,800,560,"[""1036""]","[""3033"",""6609""]","[""Damage""]","{""FlatPhysicalDamageMod"":15}","{""Effect1Amount"":""3""}",true,true,false,2,,https://ddragon.leagueoflegends.com/cdn/16.19.1/img/item/3123.png,https://ddragon.leagueoflegends.com/cdn/16.19.1/data/pt_BR/item.json,,,,,,,,15,,,,
16.19.1,2026-09-25T01:42:44.216Z,3124,Lâmina da Fúria de Guinsoo,"30 de Dano de Ataque
30 de Poder de Habilidade
25% de Velocidade de Ataque

Ira
Ataques causam 30 de Dano Mágico adicional ao contato.

Golpe Fervente
Ataques concedem 8% de Velocidade de Ataque por 4s (acumula 4x).
Enquanto estiver com o máximo de acúmulos, cada terceiro Ataque aplica efeitos ao contato duas vezes.","<mainText><stats><attention>30</attention> de Dano de Ataque<br><attention>30</attention> de Poder de Habilidade<br><attention>25%</attention> de Velocidade de Ataque</stats><br><br><passive>Ira</passive><br>Ataques causam <magicDamage>30 de Dano Mágico adicional <OnHit>ao contato</OnHit></magicDamage>.<br><br><passive>Golpe Fervente</passive><br>Ataques concedem <attackSpeed>8% de Velocidade de Ataque</attackSpeed> por 4s (acumula 4x). <br>Enquanto estiver com o máximo de acúmulos, cada terceiro Ataque aplica efeitos <OnHit>ao contato</OnHit> duas vezes.</mainText>",,1025,3000,2100,"[""1052"",""1043"",""1037""]",,"[""Damage"",""AttackSpeed"",""SpellDamage"",""OnHit""]","{""FlatMagicDamageMod"":30,""FlatPhysicalDamageMod"":30,""PercentAttackSpeedMod"":0.25}","{""Effect1Amount"":""0.08"",""Effect2Amount"":""2.5"",""Effect3Amount"":""2.5"",""Effect4Amount"":""4"",""Effect5Amount"":""4"",""Effect6Amount"":""0.1"",""Effect7Amount"":""0.1"",""Effect8Amount"":""15"",""Effect9Amount"":""1"",""Effect10Amount"":""3"",""Effect11Amount"":""0"",""Effect12Amount"":""0"",""Effect13Amount"":""3""}",true,true,false,3,,https://ddragon.leagueoflegends.com/cdn/16.19.1/img/item/3124.png,https://ddragon.leagueoflegends.com/cdn/16.19.1/data/pt_BR/item.json,,,,,,30,,30,,0.25,,
16.19.1,2026-09-25T01:42:44.216Z,3133,Martelo de Guerra de Caulfield,"20 de Dano de Ataque
10 de Aceleração de Habilidade",<mainText><stats><attention>20</attention> de Dano de Ataque<br><attention>10</attention> de Aceleração de Habilidade</stats><br><br></mainText>,Dano de Ataque e Redução do Tempo de Recarga,100,1050,735,"[""1036"",""2022"",""1036""]","[""6333"",""126697"",""6697"",""4402"",""3156"",""2517"",""323004"",""6693"",""3004"",""3508"",""3074"",""3179"",""6691"",""6609"",""6610"",""6632"",""6692"",""6694"",""6696""]","[""Damage"",""CooldownReduction"",""AbilityHaste""]","{""FlatPhysicalDamageMod"":20}",,true,true,false,2,,https://ddragon.leagueoflegends.com/cdn/16.19.1/img/item/3133.png,https://ddragon.leagueoflegends.com/cdn/16.19.1/data/pt_BR/item.json,,,,,,,,20,,,,
16.19.1,2026-09-25T01:42:44.216Z,3134,Punhal Serrilhado,"20 de Dano de Ataque
10 de Letalidade",<mainText><stats><attention>20</attention> de Dano de Ataque<br><attention>10</attention> de Letalidade</stats><br><br></mainText>,Aumenta o Dano de Ataque e a Letalidade,300,1000,700,"[""1036"",""1036""]","[""3142"",""667666"",""126697"",""6697"",""6701"",""6693"",""2520"",""4004"",""6695"",""3814"",""3131"",""3179"",""6691"",""6676""]","[""Damage"",""ArmorPenetration""]","{""FlatPhysicalDamageMod"":20}",,true,true,false,2,,https://ddragon.leagueoflegends.com/cdn/16.19.1/img/item/3134.png,https://ddragon.leagueoflegends.com/cdn/16.19.1/data/pt_BR/item.json,,,,,,,,20,,,,
16.19.1,2026-09-25T01:42:44.216Z,3135,Cajado do Vazio,"95 de Poder de Habilidade
40% de Penetração Mágica",<mainText><stats><attention>95</attention> de Poder de Habilidade<br><attention>40%</attention> de Penetração Mágica</stats><br><br></mainText>,Aumenta o Dano Mágico,1050,3000,2100,"[""4630"",""1026""]",,"[""MagicPenetration"",""SpellDamage""]","{""FlatMagicDamageMod"":95}",,true,true,false,3,,https://ddragon.leagueoflegends.com/cdn/16.19.1/img/item/3135.png,https://ddragon.leagueoflegends.com/cdn/16.19.1/data/pt_BR/item.json,,,,,,95,,,,,,
16.19.1,2026-09-25T01:42:44.216Z,3137,Criptoflora,"75 de Poder de Habilidade
30% de Penetração Mágica
20 de Aceleração de Habilidade

Vida na Morte
Quando um Campeão a quem você tenha causado dano nos últimos 3s for abatido, uma explosão de cura se propagará do cadáver.","<mainText><stats><attention>75</attention> de Poder de Habilidade<br><attention>30%</attention> de Penetração Mágica<br><attention>20</attention> de Aceleração de Habilidade</stats><br><br><passive>Vida na Morte</passive><br>Quando um Campeão a quem você tenha causado dano nos últimos 3s for abatido, uma explosão de <healing>cura</healing> se propagará do cadáver.</mainText>",Ative para remover todos os efeitos negativos e conceder Velocidade de Movimento drástica,200,3000,2100,"[""4630"",""3108"",""3108""]",,"[""SpellDamage"",""MagicPenetration"",""AbilityHaste""]","{""FlatMagicDamageMod"":75}",,true,true,false,3,,https://ddragon.leagueoflegends.com/cdn/16.19.1/img/item/3137.png,https://ddragon.leagueoflegends.com/cdn/16.19.1/data/pt_BR/item.json,,,,,,75,,,,,,
16.19.1,2026-09-25T01:42:44.216Z,3139,Cimitarra Mercurial,"50 de Dano de Ataque
35 de Resistência Mágica
10% de Roubo de Vida

ATIVOS
Mercúrio
Remove todos os efeitos negativos de Controle de Grupo (exceto Arremesso ao ar) e concede Velocidade de Movimento.",<mainText><stats><attention>50</attention> de Dano de Ataque<br><attention>35</attention> de Resistência Mágica<br><attention>10%</attention> de Roubo de Vida</stats><br><br><br><br><active>ATIVOS</active><br><active>Mercúrio</active><br>Remove todos os efeitos negativos de Controle de Grupo (exceto <keyword>Arremesso ao ar</keyword>) e concede Velocidade de Movimento.</mainText>,Ative para remover todos os efeitos negativos de controle de grupo e conceder Velocidade de Movimento drástica,125,3200,2240,"[""3140"",""1037"",""1053""]",,"[""SpellBlock"",""Damage"",""LifeSteal"",""Active"",""NonbootsMovement"",""Tenacity""]","{""FlatSpellBlockMod"":35,""FlatPhysicalDamageMod"":50,""PercentLifeStealMod"":0.1}","{""Effect1Amount"":""0.5"",""Effect2Amount"":""2"",""Effect3Amount"":""90""}",true,true,false,3,,https://ddragon.leagueoflegends.com/cdn/16.19.1/img/item/3139.png,https://ddragon.leagueoflegends.com/cdn/16.19.1/data/pt_BR/item.json,,,,,,,,50,35,,0.1,
16.19.1,2026-09-25T01:42:44.216Z,3140,Bandana de Mercúrio,"30 de Resistência Mágica

Mercúrio
Remove todos os efeitos de Controle de Grupo (exceto Arremesso ao ar).",<mainText><stats><attention>30</attention> de Resistência Mágica</stats><br><br><active>Mercúrio</active><br>Remove todos os efeitos de Controle de Grupo (exceto <keyword>Arremesso ao ar</keyword>).</mainText>,Ative para remover todos os efeitos negativos de controle de grupo,900,1300,910,"[""1033""]","[""3139"",""6035""]","[""Active"",""SpellBlock""]","{""FlatSpellBlockMod"":30}",,true,true,false,2,,https://ddragon.leagueoflegends.com/cdn/16.19.1/img/item/3140.png,https://ddragon.leagueoflegends.com/cdn/16.19.1/data/pt_BR/item.json,,,,,,,,,30,,,
16.19.1,2026-09-25T01:42:44.216Z,3142,Lâmina Fantasma de Youmuu,"55 de Dano de Ataque
18 de Letalidade
4% de Velocidade de Movimento

Assombrar
Recebe 0 de Velocidade de Movimento fora de combate.

Passo Espectral
Recebe Velocidade de Movimento e efeito Fantasma por 0s.",<mainText><stats><attention>55</attention> de Dano de Ataque<br><attention>18</attention> de Letalidade<br><attention>4%</attention> de Velocidade de Movimento</stats><br><br><passive>Assombrar</passive> <br>Recebe <speed>0 de Velocidade de Movimento</speed> fora de combate.<br><br><active>Passo Espectral</active><br>Recebe <speed>Velocidade de Movimento</speed> e <keyword>efeito Fantasma</keyword> por 0s.</mainText>,Ative para aumentar drasticamente a Velocidade de Movimento,675,2800,1960,"[""3134"",""6690"",""1036""]",,"[""Damage"",""Active"",""NonbootsMovement"",""ArmorPenetration""]","{""FlatPhysicalDamageMod"":55,""PercentMovementSpeedMod"":0.04}",,true,true,false,3,,https://ddragon.leagueoflegends.com/cdn/16.19.1/img/item/3142.png,https://ddragon.leagueoflegends.com/cdn/16.19.1/data/pt_BR/item.json,,,,,,,,55,,,,0.04
16.19.1,2026-09-25T01:42:44.216Z,3143,Presságio de Randuin,"350 de Vida
75 de Armadura

Resiliência
Sofre 30% a menos de dano de Acertos Críticos.
Humildade
Causa 70% de Lentidão a inimigos próximos por 2s.",<mainText><stats><attention>350</attention> de Vida<br><attention>75</attention> de Armadura</stats><br><br><passive>Resiliência</passive><br>Sofre 30% a menos de dano de Acertos Críticos.<br><active>Humildade</active><br><keyword>Causa 70% de Lentidão</keyword> a inimigos próximos por 2s.</mainText>,Aumenta drasticamente a defesa. Ative para reduzir a velocidade de inimigos próximos,800,2700,1890,"[""3082"",""1011""]",,"[""Health"",""Armor"",""Active"",""Slow""]","{""FlatHPPoolMod"":350,""FlatArmorMod"":75}",,true,true,false,3,,https://ddragon.leagueoflegends.com/cdn/16.19.1/img/item/3143.png,https://ddragon.leagueoflegends.com/cdn/16.19.1/data/pt_BR/item.json,75,,350,,,,,,,,,
16.19.1,2026-09-25T01:42:44.216Z,3144,Estilingue do Patrulheiro,"20% de Velocidade de Ataque

Tiro Certeiro
Causar dano a um Campeão causa Dano Mágico adicional.
Ataques reduzem o Tempo de Recarga em 1s.",<mainText><stats><attention>20%</attention> de Velocidade de Ataque</stats><br><br><passive>Tiro Certeiro</passive><br>Causar dano a um Campeão causa <magicDamage>Dano Mágico adicional</magicDamage>. <br>Ataques reduzem o Tempo de Recarga em 1s.</mainText>,Ative para causar Dano Mágico e reduzir a velocidade do Campeão-alvo inimigo ,100,600,420,"[""1042"",""1042""]","[""2512"",""3094"",""3087"",""3032"",""3085"",""3095""]","[""AttackSpeed""]","{""PercentAttackSpeedMod"":0.2}",,true,true,false,2,,https://ddragon.leagueoflegends.com/cdn/16.19.1/img/item/3144.png,https://ddragon.leagueoflegends.com/cdn/16.19.1/data/pt_BR/item.json,,,,,,,,,,0.2,,
16.19.1,2026-09-25T01:42:44.216Z,3145,Alternador Hextec,"45 de Poder de Habilidade

Entusiasmo
Causar dano a um Campeão causa Dano Mágico adicional.",<mainText><stats><attention>45</attention> de Poder de Habilidade</stats><br><br><passive>Entusiasmo</passive><br>Causar dano a um Campeão causa <magicDamage>Dano Mágico adicional</magicDamage>.</mainText>,Aumenta o Poder de Habilidade. Causa Dano Mágico adicional periodicamente ao atacar,300,1100,770,"[""1052"",""1052""]","[""4645"",""4636"",""3146"",""6655"",""3152"",""4646""]","[""SpellDamage""]","{""FlatMagicDamageMod"":45}",,true,true,false,2,,https://ddragon.leagueoflegends.com/cdn/16.19.1/img/item/3145.png,https://ddragon.leagueoflegends.com/cdn/16.19.1/data/pt_BR/item.json,,,,,,45,,,,,,
16.19.1,2026-09-25T01:42:44.216Z,3146,Pistola Laminar Hextec,"80 de Poder de Habilidade
40 de Dano de Ataque
10% de Vampirismo Universal

ATIVOS (0s)
Disparo Elétrico
Dá um choque no Campeão-alvo inimigo, causando 0 de Dano Mágico e 25% de Lentidão por 1.5s.","<mainText><stats><attention>80</attention> de Poder de Habilidade<br><attention>40</attention> de Dano de Ataque<br><attention>10%</attention> de Vampirismo Universal</stats><br><br><br><br><active>ATIVOS</active> (0s)<br><active>Disparo Elétrico</active><br>Dá um choque no Campeão-alvo inimigo, causando 0 de Dano Mágico e 25% de Lentidão por 1.5s.</mainText>",Aumenta o Dano de Ataque e o Poder de Habilidade; ative para reduzir a velocidade de um alvo,600,3000,2100,"[""1053"",""3145"",""1052""]",,"[""Damage"",""LifeSteal"",""SpellDamage"",""Active"",""SpellVamp""]","{""FlatMagicDamageMod"":80,""FlatPhysicalDamageMod"":40}",,true,true,false,3,,https://ddragon.leagueoflegends.com/cdn/16.19.1/img/item/3146.png,https://ddragon.leagueoflegends.com/cdn/16.19.1/data/pt_BR/item.json,,,,,,80,,40,,,,
16.19.1,2026-09-25T01:42:44.216Z,3147,Máscara Assustadora,"30 de Poder de Habilidade
200 de Vida

Loucura
Para cada segundo em combate contra Campeões inimigos, causa 2% de dano adicional, com limite de 6%.","<mainText><stats><attention>30</attention> de Poder de Habilidade<br><attention>200</attention> de Vida</stats><br><br><passive>Loucura</passive><br>Para cada segundo em combate contra Campeões inimigos, causa 2% de dano adicional, com limite de 6%. </mainText>",Causa Dano Físico adicional ao emboscar inimigos,500,1300,910,"[""1052"",""1028""]","[""8010"",""4633"",""6653""]","[""Health"",""SpellDamage""]","{""FlatHPPoolMod"":200,""FlatMagicDamageMod"":30}",,true,true,false,2,,https://ddragon.leagueoflegends.com/cdn/16.19.1/img/item/3147.png,https://ddragon.leagueoflegends.com/cdn/16.19.1/data/pt_BR/item.json,,,200,,,30,,,,,,
16.19.1,2026-09-25T01:42:44.216Z,3152,Explocinturão Hextec,"60 de Poder de Habilidade
350 de Vida
20 de Aceleração de Habilidade

Supersônico
Avança na direção-alvo, disparando projéteis que causam Dano Mágico.","<mainText><stats><attention>60</attention> de Poder de Habilidade<br><attention>350</attention> de Vida<br><attention>20</attention> de Aceleração de Habilidade</stats><br><br><active>Supersônico</active><br>Avança na direção-alvo, disparando projéteis que causam <magicDamage>Dano Mágico</magicDamage>.</mainText>",Ative para avançar e desferir uma explosão de fogo,350,2650,1855,"[""3145"",""3067"",""1028""]",,"[""Health"",""SpellDamage"",""Active"",""CooldownReduction"",""NonbootsMovement"",""AbilityHaste""]","{""FlatHPPoolMod"":350,""FlatMagicDamageMod"":60}",,true,true,false,3,,https://ddragon.leagueoflegends.com/cdn/16.19.1/img/item/3152.png,https://ddragon.leagueoflegends.com/cdn/16.19.1/data/pt_BR/item.json,,,350,,,60,,,,,,
16.19.1,2026-09-25T01:42:44.216Z,3153,Espada do Rei Destruído,"40 de Dano de Ataque
25% de Velocidade de Ataque
10% de Roubo de Vida

Gume da Névoa
Ataques causam uma porcentagem da Vida atual do inimigo como Dano Físico adicional ao contato.

Sombras da Tirania
Atacar um Campeão 3 vezes causa 30% de Lentidão por 1s.",<mainText><stats><attention>40</attention> de Dano de Ataque<br><attention>25%</attention> de Velocidade de Ataque<br><attention>10%</attention> de Roubo de Vida</stats><br><br><passive>Gume da Névoa</passive><br>Ataques causam <physicalDamage>uma porcentagem</physicalDamage> da Vida atual do inimigo como <physicalDamage>Dano Físico adicional</physicalDamage> <OnHit>ao contato</OnHit>.<br><br><passive>Sombras da Tirania</passive><br>Atacar um Campeão 3 vezes causa 30% de <status>Lentidão</status> por 1s.</mainText>,Causa dano com base na Vida do alvo. Pode roubar Velocidade de Movimento,725,3200,2240,"[""1053"",""1043"",""1037""]",,"[""Damage"",""AttackSpeed"",""LifeSteal"",""Slow"",""OnHit""]","{""FlatPhysicalDamageMod"":40,""PercentAttackSpeedMod"":0.25,""PercentLifeStealMod"":0.1}",,true,true,false,3,,https://ddragon.leagueoflegends.com/cdn/16.19.1/img/item/3153.png,https://ddragon.leagueoflegends.com/cdn/16.19.1/data/pt_BR/item.json,,,,,,,,40,,0.25,0.1,
16.19.1,2026-09-25T01:42:44.216Z,3155,Hexdrinker,"25 de Dano de Ataque
25 de Resistência Mágica

Salva-Vidas
Ao sofrer Dano Mágico suficiente para reduzir sua Vida a menos de 30%, recebe um Escudo contra Dano Mágico por 2.5s.","<mainText><stats><attention>25</attention> de Dano de Ataque<br><attention>25</attention> de Resistência Mágica</stats><br><br><passive>Salva-Vidas</passive><br>Ao sofrer Dano Mágico suficiente para reduzir sua Vida a menos de 30%, recebe um <shield>Escudo contra Dano Mágico</shield> por 2.5s.</mainText>",Aumenta o Dano de Ataque e a Resistência Mágica,200,1300,910,"[""1036"",""1033"",""1036""]","[""3156""]","[""Damage"",""SpellBlock""]","{""FlatSpellBlockMod"":25,""FlatPhysicalDamageMod"":25}",,true,true,false,2,,https://ddragon.leagueoflegends.com/cdn/16.19.1/img/item/3155.png,https://ddragon.leagueoflegends.com/cdn/16.19.1/data/pt_BR/item.json,,,,,,,,25,25,,,
16.19.1,2026-09-25T01:42:44.216Z,3156,Mandíbula de Malmortius,"60 de Dano de Ataque
15 de Aceleração de Habilidade
40 de Resistência Mágica

Salva-Vidas
Ao sofrer Dano Mágico suficiente para reduzir sua Vida a menos de 30%, recebe um Escudo contra Dano Mágico por 3s e 10% de Vampirismo Universal até o fim do combate.","<mainText><stats><attention>60</attention> de Dano de Ataque<br><attention>15</attention> de Aceleração de Habilidade<br><attention>40</attention> de Resistência Mágica</stats><br><br><passive>Salva-Vidas</passive><br>Ao sofrer Dano Mágico suficiente para reduzir sua Vida a menos de 30%, recebe um <shield>Escudo contra Dano Mágico</shield> por 3s e <lifeSteal>10% de Vampirismo Universal</lifeSteal> até o fim do combate.</mainText>",Concede Dano de Ataque adicional quando a Vida estiver baixa,750,3100,2170,"[""3155"",""3133""]",,"[""SpellBlock"",""Damage"",""LifeSteal"",""SpellVamp"",""AbilityHaste""]","{""FlatSpellBlockMod"":40,""FlatPhysicalDamageMod"":60}",,true,true,false,3,,https://ddragon.leagueoflegends.com/cdn/16.19.1/img/item/3156.png,https://ddragon.leagueoflegends.com/cdn/16.19.1/data/pt_BR/item.json,,,,,,,,60,40,,,
16.19.1,2026-09-25T01:42:44.216Z,3157,Ampulheta de Zhonya,"105 de Poder de Habilidade
50 de Armadura

Tempo Paralisado
Entra em Estase por 2.5s.",<mainText><stats><attention>105</attention> de Poder de Habilidade<br><attention>50</attention> de Armadura</stats><br><br><br><br><active>Tempo Paralisado</active><br>Entra em <keyword>Estase</keyword> por 2.5s.</mainText>,"Ative para ficar invencível, mas incapaz de realizar qualquer ação",450,3250,2275,"[""1058"",""2420""]",,"[""Armor"",""SpellDamage"",""Active""]","{""FlatMagicDamageMod"":105,""FlatArmorMod"":50}","{""Effect1Amount"":""0"",""Effect2Amount"":""2.5"",""Effect3Amount"":""120""}",true,true,false,3,,https://ddragon.leagueoflegends.com/cdn/16.19.1/img/item/3157.png,https://ddragon.leagueoflegends.com/cdn/16.19.1/data/pt_BR/item.json,50,,,,,105,,,,,,
16.19.1,2026-09-25T01:42:44.216Z,3158,Botas Ionianas da Lucidez,"10 de Aceleração de Habilidade
45 de Velocidade de Movimento

Perspicácia Ioniana
Recebe 10 de Aceleração de Feitiços de Invocador.",<mainText><stats><attention>10</attention> de Aceleração de Habilidade<br><attention>45</attention> de Velocidade de Movimento</stats><br><br><passive>Perspicácia Ioniana</passive><br>Recebe 10 de Aceleração de Feitiços de Invocador.<br><br></mainText>,Aumenta a Velocidade de Movimento e a Redução do Tempo de Recarga,350,900,630,"[""1001"",""2022""]","[""3171""]","[""Boots"",""CooldownReduction""]","{""FlatMovementSpeedMod"":45}",,true,true,false,2,,https://ddragon.leagueoflegends.com/cdn/16.19.1/img/item/3158.png,https://ddragon.leagueoflegends.com/cdn/16.19.1/data/pt_BR/item.json,,,,,,,45,,,,,
16.19.1,2026-09-25T01:42:44.216Z,3161,Lança de Shojin,"45 de Dano de Ataque
450 de Vida

Força Dracônica
Recebe 25 de Aceleração de Habilidade Básica.

Determinação Concentrada
Causar dano com Habilidades aumenta o dano de Habilidade e o dano da Passiva do seu Campeão em 3% por 6s (acumula 4x).",<mainText><stats><attention>45</attention> de Dano de Ataque<br><attention>450</attention> de Vida</stats><br><br><passive>Força Dracônica</passive> <br>Recebe 25 de Aceleração de Habilidade Básica.<br><br><passive>Determinação Concentrada</passive> <br>Causar dano com Habilidades aumenta o dano de Habilidade e o dano da Passiva do seu Campeão em 3% por 6s (acumula 4x).</mainText>,Reduz o dano sofrido por Campeões em uma quantidade fixa. Ataque perto de múltiplos Campeões inimigos para aumentar essa quantidade por um curto período,675,3100,2170,"[""1037"",""2021"",""1028""]",,"[""Health"",""Damage"",""AbilityHaste""]","{""FlatHPPoolMod"":450,""FlatPhysicalDamageMod"":45}",,true,true,false,3,,https://ddragon.leagueoflegends.com/cdn/16.19.1/img/item/3161.png,https://ddragon.leagueoflegends.com/cdn/16.19.1/data/pt_BR/item.json,,,450,,,,,45,,,,
16.19.1,2026-09-25T01:42:44.216Z,3165,Morellonomicon,"75 de Poder de Habilidade
350 de Vida
15 de Aceleração de Habilidade

Feridas Dolorosas
Causar Dano Mágico a Campeões aplica 40% de Ferimento por 3s.",<mainText><stats><attention>75</attention> de Poder de Habilidade<br><attention>350</attention> de Vida<br><attention>15</attention> de Aceleração de Habilidade</stats><br><br><passive>Feridas Dolorosas</passive><br>Causar <magicDamage>Dano Mágico</magicDamage> a Campeões aplica <keyword>40% de Ferimento</keyword> por 3s.</mainText>,Aumenta o Dano Mágico,400,2850,1995,"[""3916"",""1026"",""3067""]",,"[""Health"",""SpellDamage"",""CooldownReduction"",""AbilityHaste""]","{""FlatHPPoolMod"":350,""FlatMagicDamageMod"":75}",,true,true,false,3,,https://ddragon.leagueoflegends.com/cdn/16.19.1/img/item/3165.png,https://ddragon.leagueoflegends.com/cdn/16.19.1/data/pt_BR/item.json,,,350,,,75,,,,,,
16.19.1,2026-09-25T01:42:44.216Z,3168,Caminho Imortal,"45 de Velocidade de Movimento
4% de Vampirismo Universal

Eliminar
Recebe 0.6% de Vampirismo Universal ao eliminar um Campeão. Acumula até 10 vezes.

Hoje e Sempre
Enquanto está com mais da metade da Vida, causa 4% de dano aumentado.

Enquanto está com menos da metade da Vida, recebe mais 12% de cura, Escudo e Regeneração.","<mainText><stats><attention>45</attention> de Velocidade de Movimento<br><attention>4%</attention> de Vampirismo Universal</stats><br><br><passive>Eliminar</passive><br>Recebe 0.6% de Vampirismo Universal ao eliminar um Campeão. Acumula até 10 vezes.<br><br><passive>Hoje e Sempre</passive><br>Enquanto está com mais da metade da Vida, causa 4% de dano aumentado. <br><br>Enquanto está com menos da metade da Vida, recebe mais 12% de cura, Escudo e Regeneração.</mainText>",,0,1000,700,"[""3008""]",,"[""LifeSteal"",""SpellVamp"",""Boots""]","{""FlatMovementSpeedMod"":45}",,true,true,false,3,,https://ddragon.leagueoflegends.com/cdn/16.19.1/img/item/3168.png,https://ddragon.leagueoflegends.com/cdn/16.19.1/data/pt_BR/item.json,,,,,,,45,,,,,
16.19.1,2026-09-25T01:42:44.216Z,3170,Marcha Célere,"65 de Velocidade de Movimento

Pés Velozes
Reduz a eficácia dos efeitos de Lentidão em 25%.

Fervor Noxiano
Recebe 5% da sua Velocidade de Movimento como Força Adaptativa.",<mainText><stats><attention>65</attention> de Velocidade de Movimento</stats><br><br><passive>Pés Velozes</passive><br>Reduz a eficácia dos efeitos de <keyword>Lentidão</keyword> em 25%.<br><br><passive>Fervor Noxiano</passive><br>Recebe 5% da sua <speed>Velocidade de Movimento</speed> como Força Adaptativa.</mainText>,Aumenta a defesa e reduz a duração de efeitos debilitantes,0,1000,700,"[""3009""]",,"[""Boots""]","{""FlatMovementSpeedMod"":65}",,true,true,false,3,,https://ddragon.leagueoflegends.com/cdn/16.19.1/img/item/3170.png,https://ddragon.leagueoflegends.com/cdn/16.19.1/data/pt_BR/item.json,,,,,,,65,,,,,
16.19.1,2026-09-25T01:42:44.216Z,3171,Lucidez Escarlate,"20 de Aceleração de Habilidade
45 de Velocidade de Movimento

Perspicácia Ioniana
Recebe 20 de Aceleração de Feitiço de Invocador.

Aceleração Noxiana
Fortalecer ou proteger aliados com Habilidades, causar dano a Campeões inimigos com Habilidades ou conjurar um Feitiço de Invocador concede 0 de Velocidade de Movimento por 4s.

Aceleração Noxiana só pode ser acionada uma vez por conjuração de Habilidade.","<mainText><stats><attention>20</attention> de Aceleração de Habilidade<br><attention>45</attention> de Velocidade de Movimento</stats><br><br><passive>Perspicácia Ioniana</passive><br>Recebe 20 de Aceleração de Feitiço de Invocador.<br><br><passive>Aceleração Noxiana</passive><br>Fortalecer ou proteger aliados com Habilidades, causar dano a Campeões inimigos com Habilidades ou conjurar um Feitiço de Invocador concede <speed>0 de Velocidade de Movimento</speed> por 4s.<br><br><rules>Aceleração Noxiana só pode ser acionada uma vez por conjuração de Habilidade.</rules></mainText>",,0,900,630,"[""3158""]",,"[""CooldownReduction"",""Boots""]","{""FlatMovementSpeedMod"":45}",,true,true,false,3,,https://ddragon.leagueoflegends.com/cdn/16.19.1/img/item/3171.png,https://ddragon.leagueoflegends.com/cdn/16.19.1/data/pt_BR/item.json,,,,,,,45,,,,,
16.19.1,2026-09-25T01:42:44.216Z,3172,Grevas Bélicas,"45% de Velocidade de Ataque
45 de Velocidade de Movimento
5% de Roubo de Vida",<mainText><stats><attention>45%</attention> de Velocidade de Ataque<br><attention>45</attention> de Velocidade de Movimento<br><attention>5%</attention> de Roubo de Vida</stats><br><br></mainText>,Mobilidade e Tenacidade,0,1100,770,"[""3006""]",,"[""AttackSpeed"",""LifeSteal"",""NonbootsMovement""]","{""FlatMovementSpeedMod"":45,""PercentAttackSpeedMod"":0.45,""PercentLifeStealMod"":0.05}",,true,true,false,3,,https://ddragon.leagueoflegends.com/cdn/16.19.1/img/item/3172.png,https://ddragon.leagueoflegends.com/cdn/16.19.1/data/pt_BR/item.json,,,,,,,45,,,0.45,0.05,
16.19.1,2026-09-25T01:42:44.216Z,3173,Esmagadores Acorrentados,"25 de Resistência Mágica
45 de Velocidade de Movimento
30% de Tenacidade

Persistência Noxiana (0s)
Depois de sofrer Dano Mágico de um Campeão, recebe 0 de Escudo contra Dano Mágico por 5s.","<mainText><stats><attention>25</attention> de Resistência Mágica<br><attention>45</attention> de Velocidade de Movimento<br><attention>30%</attention> de Tenacidade</stats><br><br><passive>Persistência Noxiana</passive> (0s)<br>Depois de sofrer Dano Mágico de um Campeão, recebe <shield>0</shield> de <shield>Escudo</shield> contra <magicDamage>Dano Mágico</magicDamage> por 5s.</mainText>",Aumenta a Velocidade de Movimento e a Redução do Tempo de Recarga,0,1250,875,"[""3111""]",,"[""SpellBlock"",""Boots"",""Tenacity"",""MagicResist""]","{""FlatSpellBlockMod"":25,""FlatMovementSpeedMod"":45}",,true,true,false,3,,https://ddragon.leagueoflegends.com/cdn/16.19.1/img/item/3173.png,https://ddragon.leagueoflegends.com/cdn/16.19.1/data/pt_BR/item.json,,,,,,,45,,25,,,
16.19.1,2026-09-25T01:42:44.216Z,3174,Mobilização Blindada,"35 de Armadura
45 de Velocidade de Movimento

Barricada
Reduz o dano sofrido de Ataques em 10%.

Vigor Noxiano (0s)
Depois de sofrer Dano Físico de um Campeão, recebe 0 de Escudo contra Dano Físico por 5s.","<mainText><stats><attention>35</attention> de Armadura<br><attention>45</attention> de Velocidade de Movimento</stats><br><br><passive>Barricada</passive><br>Reduz o dano sofrido de Ataques em 10%.<br><br><passive>Vigor Noxiano</passive> (0s)<br>Depois de sofrer Dano Físico de um Campeão, recebe <shield>0</shield> de <shield>Escudo</shield> contra <physicalDamage>Dano Físico</physicalDamage> por 5s.</mainText>",Causa dano para fortalecer suas curas e escudos,0,1200,840,"[""3047""]",,"[""Armor"",""Boots""]","{""FlatMovementSpeedMod"":45,""FlatArmorMod"":35}",,true,true,false,3,,https://ddragon.leagueoflegends.com/cdn/16.19.1/img/item/3174.png,https://ddragon.leagueoflegends.com/cdn/16.19.1/data/pt_BR/item.json,35,,,,,,45,,,,,
16.19.1,2026-09-25T01:42:44.216Z,3175,Sapatos Enfeitiçados,"20 de Penetração Mágica
8% de Penetração Mágica
45 de Velocidade de Movimento",<mainText><stats><attention>20</attention> de Penetração Mágica<br><attention>8%</attention> de Penetração Mágica<br><attention>45</attention> de Velocidade de Movimento</stats><br><br></mainText>,,0,1100,770,"[""3020""]",,"[""Boots"",""MagicPenetration""]","{""FlatMovementSpeedMod"":45}",,true,true,false,3,,https://ddragon.leagueoflegends.com/cdn/16.19.1/img/item/3175.png,https://ddragon.leagueoflegends.com/cdn/16.19.1/data/pt_BR/item.json,,,,,,,45,,,,,
16.19.1,2026-09-25T01:42:44.216Z,3177,Lâmina do Guardião,"30 de Dano de Ataque
150 de Vida
15 de Aceleração de Habilidade",<mainText><stats><attention>30</attention> de Dano de Ataque<br><attention>150</attention> de Vida<br><attention>15</attention> de Aceleração de Habilidade</stats><br><br></mainText>,Bom item inicial para atacantes.,950,950,665,,,"[""Health"",""Damage"",""Lane"",""AbilityHaste""]","{""FlatHPPoolMod"":150,""FlatPhysicalDamageMod"":30}","{""Effect1Amount"":""10""}",true,true,false,,,https://ddragon.leagueoflegends.com/cdn/16.19.1/img/item/3177.png,https://ddragon.leagueoflegends.com/cdn/16.19.1/data/pt_BR/item.json,,,150,,,,,30,,,,
16.19.1,2026-09-25T01:42:44.216Z,3179,Glaive Sombria,"60 de Dano de Ataque
18 de Letalidade
15 de Aceleração de Habilidade

Predador Noturno
Após ficar oculto para inimigos por um breve período, seu próximo Ataque contra um Campeão causa Dano Verdadeiro adicional.

Blecaute
Quando você estiver perto de armadilhas ou Sentinelas Invisíveis inimigas, elas serão reveladas por um breve período. Ao revelar sentinelas, seus Ataques causam dano adicional a elas.","<mainText><stats><attention>60</attention> de Dano de Ataque<br><attention>18</attention> de Letalidade<br><attention>15</attention> de Aceleração de Habilidade</stats><br><br><passive>Predador Noturno</passive><br>Após ficar oculto para inimigos por um breve período, seu próximo Ataque contra um Campeão causa <trueDamage>Dano Verdadeiro</trueDamage> adicional.<br><br><passive>Blecaute</passive><br>Quando você estiver perto de armadilhas ou Sentinelas Invisíveis inimigas, elas serão reveladas por um breve período. Ao revelar sentinelas, seus Ataques causam dano adicional a elas.</mainText>",Detecta periodicamente armadilhas e sentinelas,750,2800,1960,"[""3134"",""3133""]",,"[""Damage"",""Vision"",""CooldownReduction"",""ArmorPenetration"",""AbilityHaste""]","{""FlatPhysicalDamageMod"":60}","{""Effect1Amount"":""10"",""Effect2Amount"":""8"",""Effect3Amount"":""90""}",true,true,false,3,,https://ddragon.leagueoflegends.com/cdn/16.19.1/img/item/3179.png,https://ddragon.leagueoflegends.com/cdn/16.19.1/data/pt_BR/item.json,,,,,,,,60,,,,
16.19.1,2026-09-25T01:42:44.216Z,3181,Quebracascos,"40 de Dano de Ataque
500 de Vida
4% de Velocidade de Movimento

Marujo
Todo quinto Ataque contra Campeões e monstros épicos causa Dano Físico adicional, aumentado contra estruturas.

Invasão Pirata
Tropas de cerco e supertropas aliadas próximas recebem Armadura e Resistência Mágica.","<mainText><stats><attention>40</attention> de Dano de Ataque<br><attention>500</attention> de Vida<br><attention>4%</attention> de Velocidade de Movimento</stats><br><br><passive>Marujo</passive><br>Todo quinto Ataque contra Campeões e monstros épicos causa <physicalDamage>Dano Físico adicional</physicalDamage>, aumentado contra estruturas.<br><br><passive>Invasão Pirata</passive><br>Tropas de cerco e supertropas aliadas próximas recebem <scaleArmor>Armadura</scaleArmor> e <scaleMR>Resistência Mágica</scaleMR>.</mainText>",,175,3000,2100,"[""2021"",""3066"",""1037""]",,"[""Health"",""Damage"",""NonbootsMovement""]","{""FlatHPPoolMod"":500,""FlatPhysicalDamageMod"":40,""PercentMovementSpeedMod"":0.04}",,true,true,false,3,,https://ddragon.leagueoflegends.com/cdn/16.19.1/img/item/3181.png,https://ddragon.leagueoflegends.com/cdn/16.19.1/data/pt_BR/item.json,,,500,,,,,40,,,,0.04
16.19.1,2026-09-25T01:42:44.216Z,3184,Martelo do Guardião,"25 de Dano de Ataque
150 de Vida
5% de Roubo de Vida",<mainText><stats><attention>25</attention> de Dano de Ataque<br><attention>150</attention> de Vida<br><attention>5%</attention> de Roubo de Vida</stats><br><br></mainText>,Bom item iniciante para atacantes,950,950,665,,,"[""Health"",""Damage"",""LifeSteal"",""Lane""]","{""FlatHPPoolMod"":150,""FlatPhysicalDamageMod"":25,""PercentLifeStealMod"":0.05}",,true,true,false,,,https://ddragon.leagueoflegends.com/cdn/16.19.1/img/item/3184.png,https://ddragon.leagueoflegends.com/cdn/16.19.1/data/pt_BR/item.json,,,150,,,,,25,,,0.05,
16.19.1,2026-09-25T01:42:44.216Z,3190,Medalhão dos Solari de Ferro,"200 de Vida
30 de Armadura
30 de Resistência Mágica
10 de Aceleração de Habilidade

Devoção
Concede a aliados próximos 290 - 360 de Escudo, e esse valor decai ao longo de 2.5s.","<mainText><stats><attention>200</attention> de Vida<br><attention>30</attention> de Armadura<br><attention>30</attention> de Resistência Mágica<br><attention>10</attention> de Aceleração de Habilidade</stats><br><br><active>Devoção</active><br>Concede a aliados próximos <shield>290 - 360 de Escudo</shield>, e esse valor decai ao longo de 2.5s.</mainText>",Ative para proteger aliados próximos contra dano,700,2200,1540,"[""3067"",""1029"",""1033""]",,"[""Health"",""SpellBlock"",""Armor"",""Aura"",""Active"",""MagicResist"",""AbilityHaste""]","{""FlatSpellBlockMod"":30,""FlatHPPoolMod"":200,""FlatArmorMod"":30}",,true,true,false,3,,https://ddragon.leagueoflegends.com/cdn/16.19.1/img/item/3190.png,https://ddragon.leagueoflegends.com/cdn/16.19.1/data/pt_BR/item.json,30,,200,,,,,,30,,,
16.19.1,2026-09-25T01:42:44.216Z,3211,Capuz do Espectro,"200 de Vida
35 de Resistência Mágica
100% de Regeneração de Vida base",<mainText><stats><attention>200</attention> de Vida<br><attention>35</attention> de Resistência Mágica<br><attention>100%</attention> de Regeneração de Vida base</stats><br><br></mainText>,Aprimora a defesa e concede regeneração ao receber dano,150,1250,875,"[""1028"",""1033"",""1006""]","[""2504"",""3065"",""6664""]","[""Health"",""HealthRegen"",""SpellBlock""]","{""FlatSpellBlockMod"":35,""FlatHPPoolMod"":200}",,true,true,false,2,,https://ddragon.leagueoflegends.com/cdn/16.19.1/img/item/3211.png,https://ddragon.leagueoflegends.com/cdn/16.19.1/data/pt_BR/item.json,,,200,,,,,,35,,,
16.19.1,2026-09-25T01:42:44.216Z,3222,Bênção de Mikael,"250 de Vida
100% de Regeneração de Mana base
12% de Cura e Resistência do Escudo
15 de Aceleração de Habilidade

Purificar
Remove todos os efeitos de Controle de Grupo de um Campeão aliado (exceto Arremesso ao Ar e Supressão) e restaura 100 - 250 de Vida.",<mainText><stats><attention>250</attention> de Vida<br><attention>100%</attention> de Regeneração de Mana base<br><attention>12%</attention> de Cura e Resistência do Escudo<br><attention>15</attention> de Aceleração de Habilidade</stats><br><br><active>Purificar</active><br>Remove todos os efeitos de Controle de Grupo de um Campeão aliado (exceto <keyword>Arremesso ao Ar</keyword> e <keyword>Supressão</keyword>) e restaura <healing>100 - 250 de Vida</healing>.</mainText>,Ative para remover todos os efeitos debilitantes de um Campeão aliado,900,2300,1610,"[""3067"",""3114""]",,"[""Health"",""ManaRegen"",""Active"",""CooldownReduction"",""Tenacity"",""AbilityHaste""]","{""FlatHPPoolMod"":250}",,true,true,false,3,,https://ddragon.leagueoflegends.com/cdn/16.19.1/img/item/3222.png,https://ddragon.leagueoflegends.com/cdn/16.19.1/data/pt_BR/item.json,,,250,,,,,,,,,
16.19.1,2026-09-25T01:42:44.216Z,3302,Terminus,"30 de Dano de Ataque
35% de Velocidade de Ataque

Sombra
Ataques causam 0 de Dano Mágico adicional ao contato.

Justaposição
Alterna entre Luz e Sombra ao atacar Campeões: Ataques de Luz concedem Armadura e Resistência Mágica por 5s. Ataques de Sombra concedem 10% de Penetração de Armadura e Penetração Mágica por 5s.",<mainText><stats><attention>30</attention> de Dano de Ataque<br><attention>35%</attention> de Velocidade de Ataque</stats><br><br><passive>Sombra</passive><br>Ataques causam <magicDamage>0 de Dano Mágico adicional</magicDamage> <OnHit>ao contato</OnHit>.<br><br><passive>Justaposição</passive><br>Alterna entre <keywordMajor>Luz</keywordMajor> e <keywordMajor>Sombra</keywordMajor> ao atacar Campeões: <li>Ataques de <keywordMajor>Luz</keywordMajor> concedem <scaleArmor>Armadura</scaleArmor> e <scaleMR>Resistência Mágica</scaleMR> por 5s. <li>Ataques de <keywordMajor>Sombra</keywordMajor> concedem 10% de <scaleArmor>Penetração de Armadura</scaleArmor> e <scaleMR>Penetração Mágica</scaleMR> por 5s. </mainText>,Periodicamente abate tropas para curar e conceder ouro a um aliado próximo,1100,3000,2100,"[""3051"",""1043""]",,"[""Damage"",""AttackSpeed"",""OnHit"",""MagicPenetration"",""ArmorPenetration""]","{""FlatPhysicalDamageMod"":30,""PercentAttackSpeedMod"":0.35}",,true,true,false,3,,https://ddragon.leagueoflegends.com/cdn/16.19.1/img/item/3302.png,https://ddragon.leagueoflegends.com/cdn/16.19.1/data/pt_BR/item.json,,,,,,,,30,,0.35,,
16.19.1,2026-09-25T01:42:44.216Z,3330,Efígie do Espantalho,"Não pode ser vendido

Ativo – Amuleto: Posiciona uma efígie que dura 0s e aparece exatamente como Fiddlesticks para os inimigos. Armazena uma carga a cada 0s, com um máximo de 2 cargas.

A efígie será ativada quando Campeões inimigos se aproximarem, simulando uma ação aleatória. Depois disso, ela se destruirá.","<mainText><stats></stats><br><br>Não pode ser vendido<br><br><active>Ativo – Amuleto:</active> Posiciona uma efígie que dura 0s e aparece exatamente como Fiddlesticks para os inimigos. Armazena uma carga a cada 0s, com um máximo de 2 cargas.<br><br>A efígie será ativada quando Campeões inimigos se aproximarem, simulando uma ação aleatória. Depois disso, ela se destruirá.</mainText>",Posiciona uma Sentinela Invisível periodicamente,0,0,0,,,"[""Active"",""Jungle"",""Lane"",""Trinket"",""Vision""]",{},"{""Effect1Amount"":""90"",""Effect2Amount"":""240"",""Effect3Amount"":""120"",""Effect4Amount"":""120"",""Effect5Amount"":""2"",""Effect6Amount"":""9"",""Effect7Amount"":""30"",""Effect8Amount"":""120""}",true,true,false,,FiddleSticks,https://ddragon.leagueoflegends.com/cdn/16.19.1/img/item/3330.png,https://ddragon.leagueoflegends.com/cdn/16.19.1/data/pt_BR/item.json,,,,,,,,,,,,
16.19.1,2026-09-25T01:42:44.216Z,3340,Sentinela Invisível,"Ativo (210s - 90s, máximo de 2 cargas)
Posiciona uma Sentinela Invisível que concede visão por 90s - 120s.","<mainText><stats></stats><br><br><active>Ativo</active> (<scaleLevel>210s - 90s</scaleLevel>, máximo de 2 cargas)<br>Posiciona uma <keyword>Sentinela Invisível</keyword> que concede visão por <scaleLevel>90s - 120s</scaleLevel>.</mainText>",Periodicamente posiciona uma Sentinela Invisível,0,0,0,,,"[""Active"",""Jungle"",""Lane"",""Trinket"",""Vision""]",{},"{""Effect1Amount"":""90"",""Effect2Amount"":""0"",""Effect3Amount"":""120"",""Effect4Amount"":""0"",""Effect5Amount"":""2"",""Effect6Amount"":""9"",""Effect7Amount"":""30"",""Effect8Amount"":""120""}",true,true,false,,,https://ddragon.leagueoflegends.com/cdn/16.19.1/img/item/3340.png,https://ddragon.leagueoflegends.com/cdn/16.19.1/data/pt_BR/item.json,,,,,,,,,,,,
16.19.1,2026-09-25T01:42:44.216Z,3363,Alteração Vidente,"Ativo (198s - 99s)
Revela uma área distante por 2s e deixa uma Sentinela que expira ao avistar um Campeão inimigo.",<mainText><stats></stats><br><br><active>Ativo</active> (<scaleLevel>198s - 99s</scaleLevel>)<br>Revela uma área distante por 2s e deixa uma Sentinela que expira ao avistar um Campeão inimigo.</mainText>,Concede alcance aumentado e revela a área-alvo,0,0,0,,,"[""Active"",""Trinket"",""Vision""]",{},"{""Effect1Amount"":""4000"",""Effect2Amount"":""2"",""Effect3Amount"":""5"",""Effect4Amount"":""198"",""Effect5Amount"":""60"",""Effect6Amount"":""9"",""Effect7Amount"":""30"",""Effect8Amount"":""120"",""Effect9Amount"":""6.5"",""Effect10Amount"":""198"",""Effect11Amount"":""99"",""Effect12Amount"":""60"",""Effect13Amount"":""180"",""Effect14Amount"":""10"",""Effect15Amount"":""45""}",true,true,false,,,https://ddragon.leagueoflegends.com/cdn/16.19.1/img/item/3363.png,https://ddragon.leagueoflegends.com/cdn/16.19.1/data/pt_BR/item.json,,,,,,,,,,,,
16.19.1,2026-09-25T01:42:44.216Z,3364,Lente do Oráculo,"Ativo (160s - 100s, máximo de 2 cargas)
Revela Sentinelas Invisíveis inimigas e armadilhas ao seu redor por 8s.","<mainText><stats></stats><br><br><active>Ativo</active> (<scaleLevel>160s - 100s</scaleLevel>, máximo de 2 cargas)<br>Revela Sentinelas Invisíveis inimigas e armadilhas ao seu redor por 8s.</mainText>",Desarma sentinelas e armadilhas invisíveis próximas por um período de tempo,0,0,0,,,"[""Active"",""Trinket"",""Vision""]",{},"{""Effect1Amount"":""8"",""Effect2Amount"":""10"",""Effect3Amount"":""120"",""Effect4Amount"":""60"",""Effect5Amount"":""0"",""Effect6Amount"":""1"",""Effect7Amount"":""30"",""Effect8Amount"":""120"",""Effect9Amount"":""60""}",true,true,false,,,https://ddragon.leagueoflegends.com/cdn/16.19.1/img/item/3364.png,https://ddragon.leagueoflegends.com/cdn/16.19.1/data/pt_BR/item.json,,,,,,,,,,,,
16.19.1,2026-09-25T01:42:44.216Z,3504,Turíbulo Ardente,"45 de Poder de Habilidade
10% de Cura e Resistência do Escudo
125% de Regeneração de Mana base
4% de Velocidade de Movimento

Santificar
Curar um aliado ou conceder-lhe Escudo fortalece vocês dois por 6s, concedendo 25% de Velocidade de Ataque e 20 de Dano Mágico ao contato.","<mainText><stats><attention>45</attention> de Poder de Habilidade<br><attention>10%</attention> de Cura e Resistência do Escudo<br><attention>125%</attention> de Regeneração de Mana base<br><attention>4%</attention> de Velocidade de Movimento</stats><br><br><passive>Santificar</passive><br>Curar um aliado ou conceder-lhe Escudo fortalece vocês dois por 6s, concedendo <attackSpeed>25% de Velocidade de Ataque</attackSpeed> e <magicDamage>20 de Dano Mágico</magicDamage> <OnHit>ao contato</OnHit>.</mainText>","Efeitos de cura e escudo em outras unidades concedem Velocidade de Ataque a você e a elas, e seus ataques causam Dano Mágico adicional ao contato",700,2200,1540,"[""3113"",""3114""]",,"[""AttackSpeed"",""SpellDamage"",""ManaRegen"",""NonbootsMovement""]","{""FlatMagicDamageMod"":45,""PercentMovementSpeedMod"":0.04}",,true,true,false,3,,https://ddragon.leagueoflegends.com/cdn/16.19.1/img/item/3504.png,https://ddragon.leagueoflegends.com/cdn/16.19.1/data/pt_BR/item.json,,,,,,45,,,,,,0.04
16.19.1,2026-09-25T01:42:44.216Z,3508,Colhedor de Essência,"50 de Dano de Ataque
20 de Aceleração de Habilidade
25% de Chance de Acerto Crítico

Lâmina Arcana
Após usar uma habilidade, seu próximo ataque causa Dano Físico adicional e concede Mana ao contato.","<mainText><stats><attention>50</attention> de Dano de Ataque<br><attention>20</attention> de Aceleração de Habilidade<br><attention>25%</attention> de Chance de Acerto Crítico</stats><br><br><passive>Lâmina Arcana</passive><br>Após usar uma habilidade, seu próximo ataque causa <physicalDamage>Dano Físico adicional</physicalDamage> e concede <scaleMana>Mana</scaleMana> <OnHit>ao contato</OnHit>.</mainText>",,500,3050,2135,"[""3057"",""3133"",""1018""]",,"[""Damage"",""CriticalStrike"",""ManaRegen"",""CooldownReduction"",""OnHit"",""AbilityHaste""]","{""FlatCritChanceMod"":0.25,""FlatPhysicalDamageMod"":50}",,true,true,false,3,,https://ddragon.leagueoflegends.com/cdn/16.19.1/img/item/3508.png,https://ddragon.leagueoflegends.com/cdn/16.19.1/data/pt_BR/item.json,,0.25,,,,,,50,,,,
16.19.1,2026-09-25T01:42:44.216Z,3599,Lança Negra da Kalista,"Ativo – Consumir: Vincula-se a um aliado até o fim da partida, o que os torna aliados em Juramento. O Juramento fortalece tanto você quanto o aliado quando estiverem próximos.","<mainText><stats></stats><br><br><active>Ativo – Consumir:</active> Vincula-se a um aliado até o fim da partida, o que os torna aliados em Juramento. O Juramento fortalece tanto você quanto o aliado quando estiverem próximos.</mainText>",A lança de Kalista que coloca um aliado em Juramento.,0,0,0,,,"[""Consumable""]",{},,true,true,false,,Kalista,https://ddragon.leagueoflegends.com/cdn/16.19.1/img/item/3599.png,https://ddragon.leagueoflegends.com/cdn/16.19.1/data/pt_BR/item.json,,,,,,,,,,,,
16.19.1,2026-09-25T01:42:44.216Z,3600,Lança Negra da Kalista,"Ativo – Consumir: Vincula-se a um aliado até o fim da partida, o que os torna aliados em Juramento. O Juramento fortalece tanto você quanto o aliado quando estiverem próximos.

Necessária para utilizar a ultimate da Kalista.","<mainText><stats></stats><br><br><active>Ativo – Consumir:</active> Vincula-se a um aliado até o fim da partida, o que os torna aliados em Juramento. O Juramento fortalece tanto você quanto o aliado quando estiverem próximos.<br><br><rules>Necessária para utilizar a ultimate da <attention>Kalista</attention>.</rules></mainText>",A lança de Kalista que coloca um aliado em Juramento.,0,0,0,,,"[""Consumable""]",{},,true,true,false,,Sylas,https://ddragon.leagueoflegends.com/cdn/16.19.1/img/item/3600.png,https://ddragon.leagueoflegends.com/cdn/16.19.1/data/pt_BR/item.json,,,,,,,,,,,,
16.19.1,2026-09-25T01:42:44.216Z,3742,Couraça do Defunto,"350 de Vida
55 de Armadura
4% de Velocidade de Movimento

Naufrágio
Enquanto estiver se movendo, acumula até 20 de Velocidade de Movimento adicional. Seu próximo Ataque descarrega a Velocidade de Movimento acumulada para causar Dano Físico adicional.

Inafundável
Reduz a eficácia de efeitos de Lentidão em 15%.","<mainText><stats><attention>350</attention> de Vida<br><attention>55</attention> de Armadura<br><attention>4%</attention> de Velocidade de Movimento</stats><br><br><passive>Naufrágio</passive><br>Enquanto estiver se movendo, acumula até <speed>20 de Velocidade de Movimento adicional</speed>. Seu próximo Ataque descarrega a Velocidade de Movimento acumulada para causar <physicalDamage>Dano Físico adicional</physicalDamage>.<br><br><passive>Inafundável</passive><br>Reduz a eficácia de efeitos de <keyword>Lentidão</keyword> em 15%.</mainText>","Acumula Embalo com a movimentação, descarregando-o em inimigos",900,2900,2030,"[""3066"",""1028"",""1031""]",,"[""Health"",""Armor"",""Slow"",""NonbootsMovement""]","{""FlatHPPoolMod"":350,""FlatArmorMod"":55,""PercentMovementSpeedMod"":0.04}",,true,true,false,3,,https://ddragon.leagueoflegends.com/cdn/16.19.1/img/item/3742.png,https://ddragon.leagueoflegends.com/cdn/16.19.1/data/pt_BR/item.json,55,,350,,,,,,,,,0.04
16.19.1,2026-09-25T01:42:44.216Z,3748,Hidra Titânica,"40 de Dano de Ataque
600 de Vida

Fenda
Ataques causam Dano Físico ao contato e atingem os inimigos atrás do alvo.
Crescente Titânica
Fortalece sua próxima Fenda para causar Dano Físico adicional ao contato, além de Dano Físico adicional aos inimigos atrás do alvo.","<mainText><stats><attention>40</attention> de Dano de Ataque<br><attention>600</attention> de Vida</stats><br><br><passive>Fenda</passive><br>Ataques causam <physicalDamage>Dano Físico</physicalDamage> ao contato e atingem os inimigos atrás do alvo.<br><active>Crescente Titânica</active><br>Fortalece sua próxima <passive>Fenda</passive> para causar <physicalDamage>Dano Físico adicional</physicalDamage> <OnHit>ao contato</OnHit>, além de <physicalDamage>Dano Físico adicional</physicalDamage> aos inimigos atrás do alvo.</mainText>",Causa dano em área com base na vida de seu dono,50,3300,2310,"[""3077"",""2021"",""1011""]",,"[""Health"",""HealthRegen"",""Damage"",""OnHit""]","{""FlatHPPoolMod"":600,""FlatPhysicalDamageMod"":40}",,true,true,false,3,,https://ddragon.leagueoflegends.com/cdn/16.19.1/img/item/3748.png,https://ddragon.leagueoflegends.com/cdn/16.19.1/data/pt_BR/item.json,,,600,,,,,40,,,,
16.19.1,2026-09-25T01:42:44.216Z,3801,Braçadeira Cristalina,"200 de Vida
100% de Regeneração de Vida base",<mainText><stats><attention>200</attention> de Vida<br><attention>100%</attention> de Regeneração de Vida base</stats><br><br></mainText>,Concede Vida e Regeneração de Vida,100,800,560,"[""1028"",""1006""]","[""3084"",""3083""]","[""Health"",""HealthRegen""]","{""FlatHPPoolMod"":200}",,true,true,false,2,,https://ddragon.leagueoflegends.com/cdn/16.19.1/img/item/3801.png,https://ddragon.leagueoflegends.com/cdn/16.19.1/data/pt_BR/item.json,,,200,,,,,,,,,
16.19.1,2026-09-25T01:42:44.216Z,3802,Capítulo Perdido,"40 de Poder de Habilidade
300 de Mana
10 de Aceleração de Habilidade

Iluminar
Subir de nível restaura 20% do Mana máximo ao longo de 3s.",<mainText><stats><attention>40</attention> de Poder de Habilidade<br><attention>300</attention> de Mana<br><attention>10</attention> de Aceleração de Habilidade</stats><br><br><passive>Iluminar</passive><br>Subir de nível restaura <scaleMana>20% do Mana máximo</scaleMana> ao longo de 3s.</mainText>,Restaura Mana ao subir de nível,250,1200,840,"[""1052"",""1027"",""2022""]","[""2522"",""323003"",""6656"",""3003"",""6655"",""2503"",""3118"",""4644""]","[""SpellDamage"",""Mana"",""ManaRegen"",""CooldownReduction"",""AbilityHaste""]","{""FlatMPPoolMod"":300,""FlatMagicDamageMod"":40}",,true,true,false,2,,https://ddragon.leagueoflegends.com/cdn/16.19.1/img/item/3802.png,https://ddragon.leagueoflegends.com/cdn/16.19.1/data/pt_BR/item.json,,,,,300,40,,,,,,
16.19.1,2026-09-25T01:42:44.216Z,3803,Catalisador das Eras,"300 de Vida
375 de Mana

Eternidade
Restaura 10% do dano sofrido de Campeões em forma de Mana.
Conjurar uma Habilidade cura 25% do Mana gasto.",<mainText><stats><attention>300</attention> de Vida<br><attention>375</attention> de Mana</stats><br><br><passive>Eternidade</passive><br>Restaura <scaleMana>10% do dano sofrido</scaleMana> de Campeões em forma de <scaleMana>Mana</scaleMana>. <br>Conjurar uma Habilidade <healing>cura 25% do Mana</healing> gasto.</mainText>,,200,1300,910,"[""1028"",""1028"",""1027""]","[""4402"",""326657"",""6657""]","[""Health"",""HealthRegen"",""Mana"",""ManaRegen""]","{""FlatMPPoolMod"":375,""FlatHPPoolMod"":300}",,true,true,false,2,,https://ddragon.leagueoflegends.com/cdn/16.19.1/img/item/3803.png,https://ddragon.leagueoflegends.com/cdn/16.19.1/data/pt_BR/item.json,,,300,,375,,,,,,,
16.19.1,2026-09-25T01:42:44.216Z,3814,Limiar da Noite,"50 de Dano de Ataque
15 de Letalidade
250 de Vida

Anular
Concede um Escudo de Feitiço que bloqueia a próxima Habilidade inimiga.",<mainText><stats><attention>50</attention> de Dano de Ataque<br><attention>15</attention> de Letalidade<br><attention>250</attention> de Vida</stats><br><br><passive>Anular</passive><br>Concede um Escudo de Feitiço que bloqueia a próxima Habilidade inimiga.</mainText>,Periodicamente bloqueia habilidades inimigas,850,3000,2100,"[""3134"",""2021""]",,"[""Health"",""Damage"",""ArmorPenetration""]","{""FlatHPPoolMod"":250,""FlatPhysicalDamageMod"":50}","{""Effect1Amount"":""0"",""Effect2Amount"":""0"",""Effect3Amount"":""0"",""Effect4Amount"":""40""}",true,true,false,3,,https://ddragon.leagueoflegends.com/cdn/16.19.1/img/item/3814.png,https://ddragon.leagueoflegends.com/cdn/16.19.1/data/pt_BR/item.json,,,250,,,,,50,,,,
16.19.1,2026-09-25T01:42:44.216Z,3865,Atlas Mundial,,,,400,400,160,,,"[""Health"",""ManaRegen"",""Vision"",""GoldPer"",""Lane""]",{},"{""Effect1Amount"":""3""}",true,true,false,,,https://ddragon.leagueoflegends.com/cdn/16.19.1/img/item/3865.png,https://ddragon.leagueoflegends.com/cdn/16.19.1/data/pt_BR/item.json,,,,,,,,,,,,
16.19.1,2026-09-25T01:42:44.216Z,3869,Oposição Celestial,"200 de Vida
75% de Regeneração de Vida base
75% de Regeneração de Mana base
9 de ouro a cada 10s

Bênção da Montanha
Reduz o dano sofrido por Campeões por 2s após sofrer dano de um Campeão. Quando o efeito termina, causa 50% de Lentidão a inimigos próximos por 1.5s.

Ativo (4 cargas)
Posiciona uma Sentinela Invisível que concede visão.","<mainText><stats><attention>200</attention> de Vida<br><attention>75%</attention> de Regeneração de Vida base<br><attention>75%</attention> de Regeneração de Mana base<br><attention>9</attention> de ouro a cada 10s</stats><br><br><passive>Bênção da Montanha</passive><br>Reduz o dano sofrido por Campeões por 2s após sofrer dano de um Campeão. Quando o efeito termina, causa 50% de Lentidão a inimigos próximos por 1.5s.<br><br><active>Ativo</active> (4 cargas)<br>Posiciona uma <keyword>Sentinela Invisível</keyword> que concede visão.</mainText>",,0,400,160,"[""3867""]",,"[""Health"",""HealthRegen"",""ManaRegen"",""Vision"",""GoldPer"",""Lane""]","{""FlatHPPoolMod"":200}","{""Effect1Amount"":""9""}",true,true,false,2,,https://ddragon.leagueoflegends.com/cdn/16.19.1/img/item/3869.png,https://ddragon.leagueoflegends.com/cdn/16.19.1/data/pt_BR/item.json,,,200,,,,,,,,,
16.19.1,2026-09-25T01:42:44.216Z,3870,Criassonhos,"200 de Vida
75% de Regeneração de Vida base
75% de Regeneração de Mana base
9 de ouro a cada 10s

Criassonhos
Conceder cura ou Escudo a um aliado sopra Bolhas do Sonho em direção a ele por 3s. O próximo Ataque dele causará Dano Mágico adicional ao contato e o próximo dano sofrido por ele será reduzido.

Ativo (4 cargas)
Posiciona uma Sentinela Invisível que concede visão.",<mainText><stats><attention>200</attention> de Vida<br><attention>75%</attention> de Regeneração de Vida base<br><attention>75%</attention> de Regeneração de Mana base<br><attention>9</attention> de ouro a cada 10s</stats><br><br><passive>Criassonhos</passive><br>Conceder cura ou Escudo a um aliado sopra Bolhas do Sonho em direção a ele por 3s. O próximo Ataque dele causará <magicDamage>Dano Mágico adicional</magicDamage> <OnHit>ao contato</OnHit> e o próximo dano sofrido por ele será reduzido.<br><br><active>Ativo</active> (4 cargas)<br>Posiciona uma <keyword>Sentinela Invisível</keyword> que concede visão.</mainText>,,0,400,160,"[""3867""]",,"[""Health"",""HealthRegen"",""ManaRegen"",""Vision"",""GoldPer"",""Lane""]","{""FlatHPPoolMod"":200}","{""Effect1Amount"":""9""}",true,true,false,2,,https://ddragon.leagueoflegends.com/cdn/16.19.1/img/item/3870.png,https://ddragon.leagueoflegends.com/cdn/16.19.1/data/pt_BR/item.json,,,200,,,,,,,,,
16.19.1,2026-09-25T01:42:44.216Z,3871,Invadomínio de Zaz'Zak,"200 de Vida
75% de Regeneração de Vida base
75% de Regeneração de Mana base
9 de ouro a cada 10s

Explosão do Vazio
Causar dano de Habilidade a um Campeão provoca uma explosão que causa Dano Mágico.

Ativo (4 cargas)
Posiciona uma Sentinela Invisível que concede visão.",<mainText><stats><attention>200</attention> de Vida<br><attention>75%</attention> de Regeneração de Vida base<br><attention>75%</attention> de Regeneração de Mana base<br><attention>9</attention> de ouro a cada 10s</stats><br><br><passive>Explosão do Vazio</passive><br>Causar dano de Habilidade a um Campeão provoca uma explosão que causa <magicDamage>Dano Mágico</magicDamage>.<br><br><active>Ativo</active> (4 cargas)<br>Posiciona uma <keyword>Sentinela Invisível</keyword> que concede visão.</mainText>,,0,400,160,"[""3867""]",,"[""Health"",""HealthRegen"",""ManaRegen"",""Vision"",""GoldPer"",""Lane""]","{""FlatHPPoolMod"":200}","{""Effect1Amount"":""9""}",true,true,false,2,,https://ddragon.leagueoflegends.com/cdn/16.19.1/img/item/3871.png,https://ddragon.leagueoflegends.com/cdn/16.19.1/data/pt_BR/item.json,,,200,,,,,,,,,
16.19.1,2026-09-25T01:42:44.216Z,3876,Trenó do Solstício,"200 de Vida
75% de Regeneração de Vida base
75% de Regeneração de Mana base
9 de ouro a cada 10s

Passeio de Trenó
Causar Lentidão a um Campeão inimigo ou Imobilizá-lo próximo a aliados restaura Vida e concede 20% de Velocidade de Movimento que decai ao longo de 2.5s para você e para um aliado próximo.

Ativo (4 cargas)
Posiciona uma Sentinela Invisível que concede visão.",<mainText><stats><attention>200</attention> de Vida<br><attention>75%</attention> de Regeneração de Vida base<br><attention>75%</attention> de Regeneração de Mana base<br><attention>9</attention> de ouro a cada 10s</stats><br><br><passive>Passeio de Trenó</passive><br><keyword>Causar Lentidão</keyword> a um Campeão inimigo ou <keyword>Imobilizá-lo</keyword> próximo a aliados restaura <healing>Vida</healing> e concede <speed>20% de Velocidade de Movimento</speed> que decai ao longo de 2.5s para você e para um aliado próximo.<br><br><active>Ativo</active> (4 cargas)<br>Posiciona uma <keyword>Sentinela Invisível</keyword> que concede visão.</mainText>,,0,400,160,"[""3867""]",,"[""Health"",""HealthRegen"",""ManaRegen"",""Vision"",""GoldPer"",""Lane""]","{""FlatHPPoolMod"":200}","{""Effect1Amount"":""9""}",true,true,false,2,,https://ddragon.leagueoflegends.com/cdn/16.19.1/img/item/3876.png,https://ddragon.leagueoflegends.com/cdn/16.19.1/data/pt_BR/item.json,,,200,,,,,,,,,
16.19.1,2026-09-25T01:42:44.216Z,3877,Canção de Sangue,"200 de Vida
75% de Regeneração de Vida base
75% de Regeneração de Mana base
9 de ouro a cada 10s

Lâmina Arcana
Após usar uma Habilidade, seu próximo Ataque causa Dano Físico adicional ao contato. Se o alvo for um Campeão, ele sofrerá dano aumentado por 4s.

Ativo (4 cargas)
Posiciona uma Sentinela Invisível que concede visão.","<mainText><stats><attention>200</attention> de Vida<br><attention>75%</attention> de Regeneração de Vida base<br><attention>75%</attention> de Regeneração de Mana base<br><attention>9</attention> de ouro a cada 10s</stats><br><br><passive>Lâmina Arcana</passive><br>Após usar uma Habilidade, seu próximo Ataque causa <physicalDamage>Dano Físico adicional</physicalDamage> <OnHit>ao contato</OnHit>. Se o alvo for um Campeão, ele sofrerá dano aumentado por 4s.<br><br><active>Ativo</active> (4 cargas)<br>Posiciona uma <keyword>Sentinela Invisível</keyword> que concede visão.</mainText>",,0,400,160,"[""3867""]",,"[""Health"",""HealthRegen"",""ManaRegen"",""Vision"",""GoldPer"",""Lane""]","{""FlatHPPoolMod"":200}","{""Effect1Amount"":""9""}",true,true,false,2,,https://ddragon.leagueoflegends.com/cdn/16.19.1/img/item/3877.png,https://ddragon.leagueoflegends.com/cdn/16.19.1/data/pt_BR/item.json,,,200,,,,,,,,,
16.19.1,2026-09-25T01:42:44.216Z,3916,Orbe do Oblívio,"25 de Poder de Habilidade

Feridas Dolorosas
Causar Dano Mágico a Campeões aplica 40% de Ferimento por 3s.",<mainText><stats><attention>25</attention> de Poder de Habilidade</stats><br><br><passive>Feridas Dolorosas</passive><br>Causar <magicDamage>Dano Mágico</magicDamage> a Campeões aplica <keyword>40% de Ferimento</keyword> por 3s.</mainText>,Aumenta o Dano Mágico,400,800,560,"[""1052""]","[""223011"",""3165"",""3011""]","[""SpellDamage""]","{""FlatMagicDamageMod"":25}",,true,true,false,2,,https://ddragon.leagueoflegends.com/cdn/16.19.1/img/item/3916.png,https://ddragon.leagueoflegends.com/cdn/16.19.1/data/pt_BR/item.json,,,,,,25,,,,,,
16.19.1,2026-09-25T01:42:44.216Z,4005,Mandato Imperial,"60 de Poder de Habilidade
15 de Aceleração de Habilidade
150% de Regeneração de Mana base

Controle
Recebe 20 de Aceleração de Habilidade para suas habilidades com efeitos de Imobilização.

Comando
Ao Imobilizar um Campeão inimigo, você aplica uma marca que o deixa 7% Vulnerável por 4s.","<mainText><stats><attention>60</attention> de Poder de Habilidade<br><attention>15</attention> de Aceleração de Habilidade<br><attention>150%</attention> de Regeneração de Mana base</stats><br><br><passive>Controle</passive><br>Recebe 20 de Aceleração de Habilidade para suas habilidades com efeitos de <keyword>Imobilização</keyword>.<br><br><passive>Comando</passive><br>Ao <keyword>Imobilizar</keyword> um Campeão inimigo, você aplica uma marca que o deixa 7% <Keyword>Vulnerável</Keyword> por 4s.<br></mainText>",Defere dano posteriormente.,700,2400,1680,"[""1052"",""4642"",""1052""]",,"[""SpellDamage"",""ManaRegen"",""CooldownReduction"",""AbilityHaste""]","{""FlatMagicDamageMod"":60}",,true,true,false,3,,https://ddragon.leagueoflegends.com/cdn/16.19.1/img/item/4005.png,https://ddragon.leagueoflegends.com/cdn/16.19.1/data/pt_BR/item.json,,,,,,60,,,,,,
16.19.1,2026-09-25T01:42:44.216Z,4401,Força da Natureza,"400 de Vida
55 de Resistência Mágica
4% de Velocidade de Movimento

Impassível
Recebe 70 de Resistência Mágica e 6% de Velocidade de Movimento adicional depois de sofrer Dano Mágico de Campeões 8x.",<mainText><stats><attention>400</attention> de Vida<br><attention>55</attention> de Resistência Mágica<br><attention>4%</attention> de Velocidade de Movimento</stats><br><br><passive>Impassível</passive><br>Recebe <scaleMR>70 de Resistência Mágica</scaleMR> e <speed>6% de Velocidade de Movimento adicional</speed> depois de sofrer Dano Mágico de Campeões 8x.</mainText>,"Velocidade de Movimento, Resistência Mágica e Regeneração de Vida máxima",750,2800,1960,"[""1057"",""1028"",""3066""]",,"[""Health"",""SpellBlock"",""NonbootsMovement""]","{""FlatSpellBlockMod"":55,""FlatHPPoolMod"":400,""PercentMovementSpeedMod"":0.04}",,true,true,false,3,,https://ddragon.leagueoflegends.com/cdn/16.19.1/img/item/4401.png,https://ddragon.leagueoflegends.com/cdn/16.19.1/data/pt_BR/item.json,,,400,,,,,,55,,,0.04
16.19.1,2026-09-25T01:42:44.216Z,4628,Foco do Horizonte,"75 de Poder de Habilidade
25 de Aceleração de Habilidade

Hiperdisparo
Causar Dano de Habilidade a Campeões a 600 de alcance ou mais irá Revelá-los por 6s.

Foco
Quando Hiperdisparo é acionado, Revela todos os demais Campeões inimigos em até 1400 de alcance por 3s.","<mainText><stats><attention>75</attention> de Poder de Habilidade<br><attention>25</attention> de Aceleração de Habilidade</stats><br><br><passive>Hiperdisparo</passive><br>Causar Dano de Habilidade a Campeões a 600 de alcance ou mais irá <keywordStealth>Revelá-los</keywordStealth> por 6s. <br><br><passive>Foco</passive><br>Quando <passive>Hiperdisparo</passive> é acionado, <keywordStealth>Revela</keywordStealth> todos os demais Campeões inimigos em até 1400 de alcance por 3s.</mainText>",Imobilizar um Campeão causa dano a ele com um relâmpago.,600,2700,1890,"[""3108"",""3108"",""1052""]",,"[""SpellDamage"",""AbilityHaste""]","{""FlatMagicDamageMod"":75}",,true,true,false,3,,https://ddragon.leagueoflegends.com/cdn/16.19.1/img/item/4628.png,https://ddragon.leagueoflegends.com/cdn/16.19.1/data/pt_BR/item.json,,,,,,75,,,,,,
16.19.1,2026-09-25T01:42:44.216Z,4629,Ímpeto Cósmico,"70 de Poder de Habilidade
350 de Vida
25 de Aceleração de Habilidade
4% de Velocidade de Movimento

Dança Enfeitiçada
Causar Dano Mágico ou Dano Verdadeiro a Campeões concede Velocidade de Movimento por 4s.",<mainText><stats><attention>70</attention> de Poder de Habilidade<br><attention>350</attention> de Vida<br><attention>25</attention> de Aceleração de Habilidade<br><attention>4%</attention> de Velocidade de Movimento</stats><br><br><passive>Dança Enfeitiçada</passive><br>Causar <magicDamage>Dano Mágico</magicDamage> ou <trueDamage>Dano Verdadeiro</trueDamage> a Campeões concede <speed>Velocidade de Movimento</speed> por 4s. </mainText>,Grande Redução do Tempo de Recarga.,450,3000,2100,"[""3067"",""3113"",""3108""]",,"[""Health"",""SpellDamage"",""NonbootsMovement"",""AbilityHaste""]","{""FlatHPPoolMod"":350,""FlatMagicDamageMod"":70,""PercentMovementSpeedMod"":0.04}",,true,true,false,3,,https://ddragon.leagueoflegends.com/cdn/16.19.1/img/item/4629.png,https://ddragon.leagueoflegends.com/cdn/16.19.1/data/pt_BR/item.json,,,350,,,70,,,,,,0.04
16.19.1,2026-09-25T01:42:44.216Z,4630,Joia da Ruína,"25 de Poder de Habilidade
13% de Penetração Mágica",<mainText><stats><attention>25</attention> de Poder de Habilidade<br><attention>13%</attention> de Penetração Mágica</stats><br><br></mainText>,,700,1100,770,"[""1052""]","[""3135"",""3137""]","[""MagicPenetration"",""SpellDamage""]","{""FlatMagicDamageMod"":25}",,true,true,false,2,,https://ddragon.leagueoflegends.com/cdn/16.19.1/img/item/4630.png,https://ddragon.leagueoflegends.com/cdn/16.19.1/data/pt_BR/item.json,,,,,,25,,,,,,
16.19.1,2026-09-25T01:42:44.216Z,4632,Barreira Verdejante,"40 de Poder de Habilidade
25 de Resistência Mágica

Anular
Concede um Escudo de Feitiço que bloqueia a próxima Habilidade inimiga.",<mainText><stats><attention>40</attention> de Poder de Habilidade<br><attention>25</attention> de Resistência Mágica</stats><br><br><passive>Anular</passive><br>Concede um Escudo de Feitiço que bloqueia a próxima Habilidade inimiga.</mainText>,,400,1600,1120,"[""1052"",""1033"",""1052""]","[""3102""]","[""SpellBlock"",""SpellDamage""]","{""FlatSpellBlockMod"":25,""FlatMagicDamageMod"":40}",,true,true,false,2,,https://ddragon.leagueoflegends.com/cdn/16.19.1/img/item/4632.png,https://ddragon.leagueoflegends.com/cdn/16.19.1/data/pt_BR/item.json,,,,,,40,,,25,,,
16.19.1,2026-09-25T01:42:44.216Z,4633,Criafendas,"70 de Poder de Habilidade
350 de Vida
15 de Aceleração de Habilidade

Corrupção do Vazio
Para cada segundo em combate contra Campeões inimigos, causa 2% de dano adicional, com limite de 8%. Com força máxima, recebe Vampirismo Universal.

Infusão do Vazio
Recebe 2% da sua Vida adicional como Poder de Habilidade.","<mainText><stats><attention>70</attention> de Poder de Habilidade<br><attention>350</attention> de Vida<br><attention>15</attention> de Aceleração de Habilidade</stats><br><br><passive>Corrupção do Vazio</passive><br>Para cada segundo em combate contra Campeões inimigos, causa 2% de dano adicional, com limite de 8%. Com força máxima, recebe <omnivamp>Vampirismo Universal</omnivamp>.<br><br><passive>Infusão do Vazio</passive><br>Recebe 2% da sua <scaleHealth>Vida adicional</scaleHealth> como <scaleAP>Poder de Habilidade</scaleAP>.</mainText>",,950,3100,2170,"[""3147"",""3108""]",,"[""Health"",""SpellDamage"",""CooldownReduction"",""SpellVamp""]","{""FlatHPPoolMod"":350,""FlatMagicDamageMod"":70}",,true,true,false,3,,https://ddragon.leagueoflegends.com/cdn/16.19.1/img/item/4633.png,https://ddragon.leagueoflegends.com/cdn/16.19.1/data/pt_BR/item.json,,,350,,,70,,,,,,
16.19.1,2026-09-25T01:42:44.216Z,4642,Espelho de Bandópolis,"20 de Poder de Habilidade
100% de Regeneração de Mana base
10 de Aceleração de Habilidade",<mainText><stats><attention>20</attention> de Poder de Habilidade<br><attention>100%</attention> de Regeneração de Mana base<br><attention>10</attention> de Aceleração de Habilidade</stats><br><br></mainText>,,50,900,630,"[""1004"",""1052"",""2022""]","[""2065"",""322065"",""6620"",""326617"",""324005"",""4005"",""6617"",""326620""]","[""SpellDamage"",""ManaRegen"",""CooldownReduction"",""AbilityHaste""]","{""FlatMagicDamageMod"":20}",,true,true,false,2,,https://ddragon.leagueoflegends.com/cdn/16.19.1/img/item/4642.png,https://ddragon.leagueoflegends.com/cdn/16.19.1/data/pt_BR/item.json,,,,,,20,,,,,,
16.19.1,2026-09-25T01:42:44.216Z,4645,Chama Sombria,"110 de Poder de Habilidade
15 de Penetração Mágica

Floregris
Dano Mágico e Dano Verdadeiro causam Acertos Críticos a inimigos com menos de 40% de Vida, causando 20% de dano aumentado.","<mainText><stats><attention>110</attention> de Poder de Habilidade<br><attention>15</attention> de Penetração Mágica</stats><br><br><passive>Floregris</passive><br><magicDamage>Dano Mágico</magicDamage> e <trueDamage>Dano Verdadeiro</trueDamage> causam <attention>Acertos Críticos</attention> a inimigos com menos de 40% de Vida, causando 20% de dano aumentado. </mainText>",,900,3200,2240,"[""3145"",""1058""]",,"[""SpellDamage"",""MagicPenetration""]","{""FlatMagicDamageMod"":110}",,true,true,false,3,,https://ddragon.leagueoflegends.com/cdn/16.19.1/img/item/4645.png,https://ddragon.leagueoflegends.com/cdn/16.19.1/data/pt_BR/item.json,,,,,,110,,,,,,
16.19.1,2026-09-25T01:42:44.216Z,4646,Ápice da Tempestade,"90 de Poder de Habilidade
15 de Penetração Mágica
6% de Velocidade de Movimento

Invasor da Tempestade
Causar dano equivalente a 25% da Vida máxima de um Campeão dentro de 2.5s aplica Dilúvio a ele.

Dilúvio
Depois de 2s, causa Dano Mágico. Se o alvo morrer antes que Dilúvio seja acionado, causa dano a inimigos próximos.","<mainText><stats><attention>90</attention> de Poder de Habilidade<br><attention>15</attention> de Penetração Mágica<br><attention>6%</attention> de Velocidade de Movimento</stats><br><br><passive>Invasor da Tempestade</passive><br>Causar dano equivalente a 25% da Vida máxima de um Campeão dentro de 2.5s aplica <passive>Dilúvio</passive> a ele.<br><br><passive>Dilúvio</passive><br>Depois de 2s, causa <magicDamage>Dano Mágico</magicDamage>. Se o alvo morrer antes que <passive>Dilúvio</passive> seja acionado, causa dano a inimigos próximos.</mainText>",,800,2800,1960,"[""3145"",""3113""]",,"[""SpellDamage"",""GoldPer"",""NonbootsMovement"",""MagicPenetration""]","{""FlatMagicDamageMod"":90,""PercentMovementSpeedMod"":0.06}",,true,true,false,3,,https://ddragon.leagueoflegends.com/cdn/16.19.1/img/item/4646.png,https://ddragon.leagueoflegends.com/cdn/16.19.1/data/pt_BR/item.json,,,,,,90,,,,,,0.06
16.19.1,2026-09-25T01:42:44.216Z,6333,Dança da Morte,"60 de Dano de Ataque
50 de Armadura
15 de Aceleração de Habilidade

Dor Ignorada
Uma porcentagem do dano sofrido é causada a você ao longo de 3s.

Desafiar
Ao eliminar um Campeão inimigo a quem você tenha causado dano nos últimos 3s, purifica o restante do dano de Dor Ignorada e restaura Vida ao longo de 2s.","<mainText><stats><attention>60</attention> de Dano de Ataque<br><attention>50</attention> de Armadura<br><attention>15</attention> de Aceleração de Habilidade</stats><br><br><passive>Dor Ignorada</passive><br>Uma porcentagem do dano sofrido é causada a você ao longo de 3s.<br><br><passive>Desafiar</passive><br>Ao eliminar um Campeão inimigo a quem você tenha causado dano nos últimos 3s, purifica o restante do dano de <passive>Dor Ignorada</passive> e restaura <healing>Vida</healing> ao longo de 2s.</mainText>",,275,3300,2310,"[""2019"",""1037"",""3133""]",,"[""Armor"",""Damage"",""AbilityHaste""]","{""FlatArmorMod"":50,""FlatPhysicalDamageMod"":60}",,true,true,false,3,,https://ddragon.leagueoflegends.com/cdn/16.19.1/img/item/6333.png,https://ddragon.leagueoflegends.com/cdn/16.19.1/data/pt_BR/item.json,50,,,,,,,60,,,,
16.19.1,2026-09-25T01:42:44.216Z,6609,Serrespada Quimiopunk,"45 de Dano de Ataque
450 de Vida
15 de Aceleração de Habilidade

Cisalhar
Causar Dano Físico aplica 40% de Ferimentos a Campeões inimigos por 3s.",<mainText><stats><attention>45</attention> de Dano de Ataque<br><attention>450</attention> de Vida<br><attention>15</attention> de Aceleração de Habilidade</stats><br><br><passive>Cisalhar</passive><br>Causar Dano Físico aplica <keyword>40% de Ferimentos</keyword> a Campeões inimigos por 3s.</mainText>,,250,3000,2100,"[""3123"",""1011"",""3133""]",,"[""Health"",""Damage"",""CooldownReduction"",""AbilityHaste""]","{""FlatHPPoolMod"":450,""FlatPhysicalDamageMod"":45}",,true,true,false,3,,https://ddragon.leagueoflegends.com/cdn/16.19.1/img/item/6609.png,https://ddragon.leagueoflegends.com/cdn/16.19.1/data/pt_BR/item.json,,,450,,,,,45,,,,
16.19.1,2026-09-25T01:42:44.216Z,6610,Céu Dividido,"40 de Dano de Ataque
400 de Vida
10 de Aceleração de Habilidade

Golpe de Lumescudo
Seu primeiro Ataque contra um Campeão causa Acerto Crítico e restaura Vida.",<mainText><stats><attention>40</attention> de Dano de Ataque<br><attention>400</attention> de Vida<br><attention>10</attention> de Aceleração de Habilidade</stats><br><br><passive>Golpe de Lumescudo</passive><br>Seu primeiro Ataque contra um Campeão causa <attention>Acerto Crítico</attention> e <healing>restaura Vida</healing>.</mainText>,,900,3100,2170,"[""2021"",""3133""]",,"[""Health"",""Damage"",""CooldownReduction"",""AbilityHaste""]","{""FlatHPPoolMod"":400,""FlatPhysicalDamageMod"":40}",,true,true,false,3,,https://ddragon.leagueoflegends.com/cdn/16.19.1/img/item/6610.png,https://ddragon.leagueoflegends.com/cdn/16.19.1/data/pt_BR/item.json,,,400,,,,,40,,,,
16.19.1,2026-09-25T01:42:44.216Z,6616,Cajado Aquafluxo,"35 de Poder de Habilidade
10% de Cura e Resistência do Escudo
125% de Regeneração de Mana base
10 de Aceleração de Habilidade

Corredeira
Conceder cura ou Escudo a um aliado concede a vocês dois 40 de Poder de Habilidade e 15 de Aceleração de Habilidade por 6s.",<mainText><stats><attention>35</attention> de Poder de Habilidade<br><attention>10%</attention> de Cura e Resistência do Escudo<br><attention>125%</attention> de Regeneração de Mana base<br><attention>10</attention> de Aceleração de Habilidade</stats><br><br><passive>Corredeira</passive><br>Conceder cura ou Escudo a um aliado concede a vocês dois <magicDamage>40 de Poder de Habilidade</magicDamage> e <attention>15 de Aceleração de Habilidade</attention> por 6s.</mainText>,Suas curas e Escudos reduzem Controles de Grupo e concedem Velocidade de Movimento.,800,2250,1575,"[""3108"",""3114""]",,"[""SpellDamage"",""ManaRegen"",""CooldownReduction"",""AbilityHaste""]","{""FlatMagicDamageMod"":35}",,true,true,false,3,,https://ddragon.leagueoflegends.com/cdn/16.19.1/img/item/6616.png,https://ddragon.leagueoflegends.com/cdn/16.19.1/data/pt_BR/item.json,,,,,,35,,,,,,
16.19.1,2026-09-25T01:42:44.216Z,6617,Regenerador de Pedra Lunar,"25 de Poder de Habilidade
200 de Vida
20 de Aceleração de Habilidade
125% de Regeneração de Mana base

Graça Estrelada
Curar um aliado ou conceder Escudo a ele ativa um efeito em cadeia em outro aliado (menos em si), curando-o em 30% ou concedendo a ele um Escudo de 35% do valor original.","<mainText><stats><attention>25</attention> de Poder de Habilidade<br><attention>200</attention> de Vida<br><attention>20</attention> de Aceleração de Habilidade<br><attention>125%</attention> de Regeneração de Mana base</stats><br><br><passive>Graça Estrelada</passive><br>Curar um aliado ou conceder Escudo a ele ativa um efeito em cadeia em outro aliado (menos em si), <healing>curando-o em 30%</healing> ou concedendo a ele um <shield>Escudo de 35%</shield> do valor original.</mainText>",Suas curas e Escudos recarregam mais rapidamente e são mais eficazes em aliados com Vida baixa.,500,2200,1540,"[""3067"",""4642""]",,"[""Health"",""SpellDamage"",""ManaRegen"",""CooldownReduction"",""AbilityHaste""]","{""FlatHPPoolMod"":200,""FlatMagicDamageMod"":25}",,true,true,false,3,,https://ddragon.leagueoflegends.com/cdn/16.19.1/img/item/6617.png,https://ddragon.leagueoflegends.com/cdn/16.19.1/data/pt_BR/item.json,,,200,,,25,,,,,,
16.19.1,2026-09-25T01:42:44.216Z,6620,Ecos de Helia,"35 de Poder de Habilidade
200 de Vida
20 de Aceleração de Habilidade
125% de Regeneração de Mana base

Sifão da Alma
Recebe 30% do dano pré-mitigação causado a Campeões como Cargas de Alma. Conceder curas ou Escudos a um aliado consome todas as Cargas de Alma para restaurar Vida.",<mainText><stats><attention>35</attention> de Poder de Habilidade<br><attention>200</attention> de Vida<br><attention>20</attention> de Aceleração de Habilidade<br><attention>125%</attention> de Regeneração de Mana base</stats><br><br><passive>Sifão da Alma</passive><br>Recebe 30% do dano pré-mitigação causado a Campeões como Cargas de Alma. Conceder curas ou Escudos a um aliado consome todas as <passive>Cargas de Alma</passive> para restaurar <healing>Vida</healing>.</mainText>,Causar dano a inimigos com Vida baixa ativa uma explosão amaldiçoada que causa dano e Lentidão a inimigos próximos.,500,2200,1540,"[""3067"",""4642""]",,"[""Health"",""SpellDamage"",""ManaRegen"",""CooldownReduction"",""AbilityHaste""]","{""FlatHPPoolMod"":200,""FlatMagicDamageMod"":35}",,true,true,false,3,,https://ddragon.leagueoflegends.com/cdn/16.19.1/img/item/6620.png,https://ddragon.leagueoflegends.com/cdn/16.19.1/data/pt_BR/item.json,,,200,,,35,,,,,,
16.19.1,2026-09-25T01:42:44.216Z,6621,Auronúcleo,"45 de Poder de Habilidade
16% de Cura e Resistência do Escudo
100% de Regeneração de Mana base

Primeira Luz
Recebe 2% de cura e Resistência do Escudo e 10 de Poder de Habilidade a cada 100% de Regeneração de Mana base.",<mainText><stats><attention>45</attention> de Poder de Habilidade<br><attention>16%</attention> de Cura e Resistência do Escudo<br><attention>100%</attention> de Regeneração de Mana base</stats><br><br><passive>Primeira Luz</passive><br>Recebe <healing>2% de cura e Resistência do Escudo</healing> e <scaleAP>10 de Poder de Habilidade</scaleAP> a cada 100% de Regeneração de Mana base.</mainText>,,450,2500,1750,"[""1026"",""3114"",""3114""]",,"[""SpellDamage"",""ManaRegen""]","{""FlatMagicDamageMod"":45}",,true,true,false,3,,https://ddragon.leagueoflegends.com/cdn/16.19.1/img/item/6621.png,https://ddragon.leagueoflegends.com/cdn/16.19.1/data/pt_BR/item.json,,,,,,45,,,,,,
16.19.1,2026-09-25T01:42:44.216Z,6631,Quebrapassos,"40 de Dano de Ataque
25% de Velocidade de Ataque
450 de Vida

Fenda
Ataques causam Dano Físico a inimigos próximos.
Onda de Choque Estonteante
Causa Dano Físico e 35% de Lentidão a inimigos próximos.
Recebe 35% de Velocidade de Movimento que decai ao longo do tempo a cada Campeão atingido por 3s.",<mainText><stats><attention>40</attention> de Dano de Ataque<br><attention>25%</attention> de Velocidade de Ataque<br><attention>450</attention> de Vida</stats><br><br><passive>Fenda</passive><br>Ataques causam <physicalDamage>Dano Físico</physicalDamage> a inimigos próximos.<br><active>Onda de Choque Estonteante</active><br>Causa <physicalDamage>Dano Físico</physicalDamage> e 35% de <status>Lentidão</status> a inimigos próximos.<br>Recebe <speed>35% de Velocidade de Movimento</speed> que decai ao longo do tempo a cada Campeão atingido por 3s.</mainText>,,750,3300,2310,"[""3077"",""3044"",""1042""]",,"[""Health"",""Damage"",""AttackSpeed"",""Slow""]","{""FlatHPPoolMod"":450,""FlatPhysicalDamageMod"":40,""PercentAttackSpeedMod"":0.25}",,true,true,false,3,,https://ddragon.leagueoflegends.com/cdn/16.19.1/img/item/6631.png,https://ddragon.leagueoflegends.com/cdn/16.19.1/data/pt_BR/item.json,,,450,,,,,40,,0.25,,
16.19.1,2026-09-25T01:42:44.216Z,6653,Tormento de Liandry,"60 de Poder de Habilidade
300 de Vida

Tormento
Habilidades de dano queimam inimigos em 2% da Vida máxima como Dano Mágico por segundo durante 3s.

Sofrimento
Para cada segundo em combate com Campeões inimigos, causa 2% de dano adicional, até um máximo de 6%.","<mainText><stats><attention>60</attention> de Poder de Habilidade<br><attention>300</attention> de Vida</stats><br><br><passive>Tormento</passive><br>Habilidades de dano queimam inimigos em <magicDamage>2% da Vida máxima como Dano Mágico</magicDamage> por segundo durante 3s.<br><br><passive>Sofrimento</passive><br>Para cada segundo em combate com Campeões inimigos, causa 2% de dano adicional, até um máximo de 6%.</mainText>","Carregue em combate para causar muito dano ao longo do tempo, especialmente a inimigos resistentes.",800,3000,2100,"[""3147"",""2508""]",,"[""Health"",""SpellDamage""]","{""FlatHPPoolMod"":300,""FlatMagicDamageMod"":60}",,true,true,false,3,,https://ddragon.leagueoflegends.com/cdn/16.19.1/img/item/6653.png,https://ddragon.leagueoflegends.com/cdn/16.19.1/data/pt_BR/item.json,,,300,,,60,,,,,,
16.19.1,2026-09-25T01:42:44.216Z,6655,Eco de Luden,"100 de Poder de Habilidade
600 de Mana
10 de Aceleração de Habilidade

Eco
Habilidades de dano lançam 6 Ecos que causam Dano Mágico adicional ao alvo e a inimigos próximos. Ecos restantes atingem o alvo primeiro, causando 20% de dano.","<mainText><stats><attention>100</attention> de Poder de Habilidade<br><attention>600</attention> de Mana<br><attention>10</attention> de Aceleração de Habilidade</stats><br><br><passive>Eco</passive><br>Habilidades de dano lançam 6 Ecos que causam <magicDamage>Dano Mágico adicional</magicDamage> ao alvo e a inimigos próximos. Ecos restantes atingem o alvo primeiro, causando 20% de dano.<br></mainText>",Grande quantidade de dano explosivo. Bom item contra alvos frágeis.,450,2750,1925,"[""3802"",""3145""]",,"[""SpellDamage"",""Mana"",""CooldownReduction"",""AbilityHaste""]","{""FlatMPPoolMod"":600,""FlatMagicDamageMod"":100}",,true,true,false,3,,https://ddragon.leagueoflegends.com/cdn/16.19.1/img/item/6655.png,https://ddragon.leagueoflegends.com/cdn/16.19.1/data/pt_BR/item.json,,,,,600,100,,,,,,
16.19.1,2026-09-25T01:42:44.216Z,6657,Bastão das Eras,"45 de Poder de Habilidade
350 de Vida
500 de Mana

Atemporal
Este item ganha 10 de Vida, 30 de Mana e 3 de Poder de Habilidade a cada 60s até 10 vezes. Com o máximo de acúmulos, recebe um nível.

Eternidade
Sofrer dano de Campeões restaura 10% do dano como Mana.
Conjurar uma Habilidade cura o equivalente a 25% do Mana gasto.","<mainText><stats><attention>45</attention> de Poder de Habilidade<br><attention>350</attention> de Vida<br><attention>500</attention> de Mana</stats><br><br><passive>Atemporal</passive><br>Este item ganha <scaleHealth>10 de Vida</scaleHealth>, <scaleMana>30 de Mana</scaleMana> e <scaleAP>3 de Poder de Habilidade</scaleAP> a cada 60s até 10 vezes. Com o máximo de acúmulos, recebe um nível.<br><br><passive>Eternidade</passive><br>Sofrer dano de Campeões restaura <scaleMana>10%</scaleMana> do dano como <scaleMana>Mana</scaleMana>. <br>Conjurar uma Habilidade <healing>cura o equivalente a 25%</healing> do Mana gasto.</mainText>",,450,2600,1820,"[""1026"",""3803""]",,"[""Health"",""HealthRegen"",""SpellDamage"",""Mana"",""ManaRegen""]","{""FlatMPPoolMod"":500,""FlatHPPoolMod"":350,""FlatMagicDamageMod"":45}",,true,true,false,3,,https://ddragon.leagueoflegends.com/cdn/16.19.1/img/item/6657.png,https://ddragon.leagueoflegends.com/cdn/16.19.1/data/pt_BR/item.json,,,350,,500,45,,,,,,
16.19.1,2026-09-25T01:42:44.216Z,6660,Brasa de Bami,"150 de Vida
5 de Aceleração de Habilidade

Imolar
Depois de causar ou sofrer qualquer dano, você causa Dano Mágico a inimigos próximos por 3s.","<mainText><stats><attention>150</attention> de Vida<br><attention>5</attention> de Aceleração de Habilidade</stats><br><br><passive>Imolar</passive><br>Depois de causar ou sofrer qualquer dano, você causa <magicDamage>Dano Mágico</magicDamage> a inimigos próximos por 3s.</mainText>",,250,900,630,"[""1028"",""2022""]","[""3068"",""6664""]","[""Health"",""AbilityHaste""]","{""FlatHPPoolMod"":150}",,true,true,false,2,,https://ddragon.leagueoflegends.com/cdn/16.19.1/img/item/6660.png,https://ddragon.leagueoflegends.com/cdn/16.19.1/data/pt_BR/item.json,,,150,,,,,,,,,
16.19.1,2026-09-25T01:42:44.216Z,6662,Manopla dos Glacinatas,"300 de Vida
50 de Armadura
15 de Aceleração de Habilidade

Lâmina Arcana
Depois de usar uma Habilidade, seu próximo Ataque causará Dano Físico adicional ao contato e criará um campo congelado por 2s, causando Lentidão.","<mainText><stats><attention>300</attention> de Vida<br><attention>50</attention> de Armadura<br><attention>15</attention> de Aceleração de Habilidade</stats><br><br><passive>Lâmina Arcana</passive><br>Depois de usar uma Habilidade, seu próximo Ataque causará <physicalDamage>Dano Físico adicional</physicalDamage> <OnHit>ao contato</OnHit> e criará um campo congelado por 2s, causando <status>Lentidão</status>.</mainText>","Grande quantidade de Resistência Mágica. Causa Lentidão passivamente a inimigos próximos. Quando Habilidades são conjuradas perto de você, libera uma onda de energia que causa dano e Lentidão.",800,2900,2030,"[""3057"",""1028"",""1031""]",,"[""Health"",""Armor"",""CooldownReduction"",""Slow"",""OnHit"",""AbilityHaste""]","{""FlatHPPoolMod"":300,""FlatArmorMod"":50}",,true,true,false,3,,https://ddragon.leagueoflegends.com/cdn/16.19.1/img/item/6662.png,https://ddragon.leagueoflegends.com/cdn/16.19.1/data/pt_BR/item.json,50,,300,,,,,,,,,
16.19.1,2026-09-25T01:42:44.216Z,6664,Resplendor Vazio,"400 de Vida
40 de Resistência Mágica
10 de Aceleração de Habilidade
100% de Regeneração de Vida base

Imolar
Depois de causar ou sofrer qualquer dano, você causa Dano Mágico por segundo a inimigos próximos por 3s.

Desolar
Abater um inimigo causa Dano Mágico ao redor dele","<mainText><stats><attention>400</attention> de Vida<br><attention>40</attention> de Resistência Mágica<br><attention>10</attention> de Aceleração de Habilidade<br><attention>100%</attention> de Regeneração de Vida base</stats><br><br><passive>Imolar</passive><br>Depois de causar ou sofrer qualquer dano, você causa <magicDamage>Dano Mágico</magicDamage> por segundo a inimigos próximos por 3s. <br><br><passive>Desolar</passive><br>Abater um inimigo causa <magicDamage>Dano Mágico</magicDamage> ao redor dele</mainText>",Imobilizar inimigos invoca um escudo. Ativar faz você correr mais rápido em direção a oponentes.,650,2800,1960,"[""6660"",""3211""]",,"[""Health"",""SpellBlock"",""HealthRegen"",""Aura"",""MagicResist"",""AbilityHaste""]","{""FlatSpellBlockMod"":40,""FlatHPPoolMod"":400}",,true,true,false,3,,https://ddragon.leagueoflegends.com/cdn/16.19.1/img/item/6664.png,https://ddragon.leagueoflegends.com/cdn/16.19.1/data/pt_BR/item.json,,,400,,,,,,40,,,
16.19.1,2026-09-25T01:42:44.216Z,6665,"Jak'Sho, o Inconstante","350 de Vida
45 de Armadura
45 de Resistência Mágica

Resiliência do Vazio
Depois de 5s de combate contra Campeões, aumenta sua Armadura e Resistência Mágica adicionais em 30% até o fim do combate.","<mainText><stats><attention>350</attention> de Vida<br><attention>45</attention> de Armadura<br><attention>45</attention> de Resistência Mágica</stats><br><br><passive>Resiliência do Vazio</passive><br>Depois de 5s de combate contra Campeões, aumenta sua <scaleArmor>Armadura</scaleArmor> e <scaleMR>Resistência Mágica</scaleMR> adicionais em 30% até o fim do combate.<br><br></mainText>",,650,3200,2240,"[""1011"",""1031"",""1057""]",,"[""Health"",""SpellBlock"",""Armor"",""MagicResist""]","{""FlatSpellBlockMod"":45,""FlatHPPoolMod"":350,""FlatArmorMod"":45}",,true,true,false,3,,https://ddragon.leagueoflegends.com/cdn/16.19.1/img/item/6665.png,https://ddragon.leagueoflegends.com/cdn/16.19.1/data/pt_BR/item.json,45,,350,,,,,,45,,,
16.19.1,2026-09-25T01:42:44.216Z,6670,Aljava Vespertina,"15 de Dano de Ataque
20% de Chance de Acerto Crítico",<mainText><stats><attention>15</attention> de Dano de Ataque<br><attention>20%</attention> de Chance de Acerto Crítico</stats><br><br></mainText>,,350,1300,910,"[""1036"",""1018""]","[""2523"",""3036"",""6673""]","[""Damage"",""CriticalStrike""]","{""FlatCritChanceMod"":0.2,""FlatPhysicalDamageMod"":15}",,true,true,false,2,,https://ddragon.leagueoflegends.com/cdn/16.19.1/img/item/6670.png,https://ddragon.leagueoflegends.com/cdn/16.19.1/data/pt_BR/item.json,,0.2,,,,,,15,,,,
16.19.1,2026-09-25T01:42:44.216Z,6672,Mata-Cráquens,"45 de Dano de Ataque
40% de Velocidade de Ataque
4% de Velocidade de Movimento

Derrubar
Cada terceiro Ataque causa Dano Físico adicional ao contato, aumentado com base na Vida perdida do alvo.","<mainText><stats><attention>45</attention> de Dano de Ataque<br><attention>40%</attention> de Velocidade de Ataque<br><attention>4%</attention> de Velocidade de Movimento</stats><br><br><passive>Derrubar</passive><br>Cada terceiro Ataque causa <physicalDamage>Dano Físico adicional</physicalDamage> <OnHit>ao contato</OnHit>, aumentado com base na Vida perdida do alvo.</mainText>",,325,3000,2100,"[""6690"",""3051"",""1043""]",,"[""Damage"",""AttackSpeed"",""OnHit"",""NonbootsMovement""]","{""FlatPhysicalDamageMod"":45,""PercentAttackSpeedMod"":0.4,""PercentMovementSpeedMod"":0.04}",,true,true,false,3,,https://ddragon.leagueoflegends.com/cdn/16.19.1/img/item/6672.png,https://ddragon.leagueoflegends.com/cdn/16.19.1/data/pt_BR/item.json,,,,,,,,45,,0.4,,0.04
16.19.1,2026-09-25T01:42:44.216Z,6673,Arco-escudo Imortal,"55 de Dano de Ataque
25% de Chance de Acerto Crítico

Salva-Vidas
Ao sofrer dano suficiente para reduzir sua Vida a menos de 30%, recebe um Escudo por 3s.","<mainText><stats><attention>55</attention> de Dano de Ataque<br><attention>25%</attention> de Chance de Acerto Crítico</stats><br><br><passive>Salva-Vidas</passive><br>Ao sofrer dano suficiente para reduzir sua Vida a menos de 30%, recebe um <shield>Escudo</shield> por 3s.</mainText>",,825,3000,2100,"[""1037"",""6670""]",,"[""Damage"",""CriticalStrike""]","{""FlatCritChanceMod"":0.25,""FlatPhysicalDamageMod"":55}",,true,true,false,3,,https://ddragon.leagueoflegends.com/cdn/16.19.1/img/item/6673.png,https://ddragon.leagueoflegends.com/cdn/16.19.1/data/pt_BR/item.json,,0.25,,,,,,55,,,,
16.19.1,2026-09-25T01:42:44.216Z,6675,Adaga Oscilante Navori,"40% de Velocidade de Ataque
25% de Chance de Acerto Crítico
4% de Velocidade de Movimento

Transcendência
Ataques reduzem os Tempos de Recarga das Habilidades básicas em 15% do Tempo de Recarga restante.",<mainText><stats><attention>40%</attention> de Velocidade de Ataque<br><attention>25%</attention> de Chance de Acerto Crítico<br><attention>4%</attention> de Velocidade de Movimento</stats><br><br><passive>Transcendência</passive><br>Ataques reduzem os Tempos de Recarga das Habilidades básicas em <attention>15%</attention> do Tempo de Recarga restante.</mainText>,,950,2650,1855,"[""1042"",""3086"",""1042""]",,"[""CriticalStrike"",""AttackSpeed"",""NonbootsMovement""]","{""FlatCritChanceMod"":0.25,""PercentAttackSpeedMod"":0.4,""PercentMovementSpeedMod"":0.04}","{""Effect1Amount"":""0.5"",""Effect2Amount"":""1"",""Effect3Amount"":""90""}",true,true,false,3,,https://ddragon.leagueoflegends.com/cdn/16.19.1/img/item/6675.png,https://ddragon.leagueoflegends.com/cdn/16.19.1/data/pt_BR/item.json,,0.25,,,,,,,,0.4,,0.04
16.19.1,2026-09-25T01:42:44.216Z,6676,A Coletora,"50 de Dano de Ataque
10 de Letalidade
25% de Chance de Acerto Crítico

Morte
Seu dano executa Campeões com menos de 5% de Vida.

Abrupta
Abates de Campeões concedem 25 de ouro adicional.",<mainText><stats><attention>50</attention> de Dano de Ataque<br><attention>10</attention> de Letalidade<br><attention>25%</attention> de Chance de Acerto Crítico</stats><br><br><passive>Morte</passive><br>Seu dano executa Campeões com menos de 5% de Vida.<br><br><passive>Abrupta</passive><br>Abates de Campeões concedem <gold>25 de ouro adicional</gold>.</mainText>,,525,3000,2100,"[""1037"",""3134"",""1018""]",,"[""Damage"",""CriticalStrike"",""ArmorPenetration""]","{""FlatCritChanceMod"":0.25,""FlatPhysicalDamageMod"":50}",,true,true,false,3,,https://ddragon.leagueoflegends.com/cdn/16.19.1/img/item/6676.png,https://ddragon.leagueoflegends.com/cdn/16.19.1/data/pt_BR/item.json,,0.25,,,,,,50,,,,
16.19.1,2026-09-25T01:42:44.216Z,6690,Retriz,"15 de Dano de Ataque
4% de Velocidade de Movimento",<mainText><stats><attention>15</attention> de Dano de Ataque<br><attention>4%</attention> de Velocidade de Movimento</stats><br><br></mainText>,,425,775,543,"[""1036""]","[""4003"",""6700"",""6672"",""3142""]","[""Damage"",""NonbootsMovement""]","{""FlatPhysicalDamageMod"":15,""PercentMovementSpeedMod"":0.04}",,true,true,false,2,,https://ddragon.leagueoflegends.com/cdn/16.19.1/img/item/6690.png,https://ddragon.leagueoflegends.com/cdn/16.19.1/data/pt_BR/item.json,,,,,,,,15,,,,0.04
16.19.1,2026-09-25T01:42:44.216Z,6692,Eclipse,"60 de Dano de Ataque
15 de Aceleração de Habilidade

Lua Sempre Crescente
Atingir um Campeão com 2 Ataques ou Habilidades separados dentro de 2s concede ao usuário um Escudo por 2s.",<mainText><stats><attention>60</attention> de Dano de Ataque<br><attention>15</attention> de Aceleração de Habilidade</stats><br><br><passive>Lua Sempre Crescente</passive><br>Atingir um Campeão com 2 Ataques ou Habilidades separados dentro de 2s concede ao usuário um <shield>Escudo</shield> por 2s.</mainText>,,625,2900,2030,"[""3133"",""1037"",""1036""]",,"[""Damage"",""CooldownReduction"",""AbilityHaste""]","{""FlatPhysicalDamageMod"":60}",,true,true,false,3,,https://ddragon.leagueoflegends.com/cdn/16.19.1/img/item/6692.png,https://ddragon.leagueoflegends.com/cdn/16.19.1/data/pt_BR/item.json,,,,,,,,60,,,,
16.19.1,2026-09-25T01:42:44.216Z,6694,Rancor de Serylda,"45 de Dano de Ataque
35% de Penetração de Armadura
15 de Aceleração de Habilidade

Frio Agonizante
Habilidades de dano causam 30% de Lentidão a inimigos com menos de 50% de Vida por 1s.",<mainText><stats><attention>45</attention> de Dano de Ataque<br><attention>35%</attention> de Penetração de Armadura<br><attention>15</attention> de Aceleração de Habilidade</stats><br><br><passive>Frio Agonizante</passive><br>Habilidades de dano causam 30% de <status>Lentidão</status> a inimigos com menos de 50% de Vida por 1s.</mainText>,,500,3000,2100,"[""3133"",""3035""]",,"[""Damage"",""CooldownReduction"",""ArmorPenetration"",""AbilityHaste""]","{""FlatPhysicalDamageMod"":45}",,true,true,false,3,,https://ddragon.leagueoflegends.com/cdn/16.19.1/img/item/6694.png,https://ddragon.leagueoflegends.com/cdn/16.19.1/data/pt_BR/item.json,,,,,,,,45,,,,
16.19.1,2026-09-25T01:42:44.216Z,6695,Presa da Serpente,"55 de Dano de Ataque
15 de Letalidade

Ceifador de Escudos
Causar dano a um Campeão inimigo reduz em 0% Escudos que ele receba por 3s.
Se ele ainda não tiver sido afetado por Ceifador de Escudos, reduz os Escudos recebidos em 0%.","<mainText><stats><attention>55</attention> de Dano de Ataque<br><attention>15</attention> de Letalidade</stats><br><br><passive>Ceifador de Escudos</passive><br>Causar dano a um Campeão inimigo reduz em 0% Escudos que ele receba por 3s. <br>Se ele ainda não tiver sido afetado por <passive>Ceifador de Escudos</passive>, reduz os Escudos recebidos em 0%.</mainText>",,625,2500,1750,"[""3134"",""1037""]",,"[""Damage"",""ArmorPenetration""]","{""FlatPhysicalDamageMod"":55}",,true,true,false,3,,https://ddragon.leagueoflegends.com/cdn/16.19.1/img/item/6695.png,https://ddragon.leagueoflegends.com/cdn/16.19.1/data/pt_BR/item.json,,,,,,,,55,,,,
16.19.1,2026-09-25T01:42:44.216Z,6696,Arco do Axioma,"55 de Dano de Ataque
18 de Letalidade
20 de Aceleração de Habilidade

Fluxo
Quando um Campeão a quem você tenha causado dano nos últimos 3s for abatido, restaura parte do Tempo de Recarga total da ultimate do usuário.","<mainText><stats><attention>55</attention> de Dano de Ataque<br><attention>18</attention> de Letalidade<br><attention>20</attention> de Aceleração de Habilidade</stats><br><br><passive>Fluxo</passive><br>Quando um Campeão a quem você tenha causado dano nos últimos 3s for abatido, restaura parte do Tempo de Recarga total da ultimate do usuário.</mainText>",,363,2750,1925,"[""2020"",""3133""]",,"[""Damage"",""ArmorPenetration"",""AbilityHaste""]","{""FlatPhysicalDamageMod"":55}",,true,true,false,3,,https://ddragon.leagueoflegends.com/cdn/16.19.1/img/item/6696.png,https://ddragon.leagueoflegends.com/cdn/16.19.1/data/pt_BR/item.json,,,,,,,,55,,,,
16.19.1,2026-09-25T01:42:44.216Z,6697,Húbris,"55 de Dano de Ataque
18 de Letalidade
10 de Aceleração de Habilidade

Eminência
Quando um Campeão a quem você tenha causado dano nos últimos 3s for abatido, recebe 12 de Dano de Ataque mais 3 por Campeão abatido por 90s.","<mainText><stats><attention>55</attention> de Dano de Ataque<br><attention>18</attention> de Letalidade<br><attention>10</attention> de Aceleração de Habilidade</stats><br><br><passive>Eminência</passive><br>Quando um Campeão a quem você tenha causado dano nos últimos 3s for abatido, recebe <physicalDamage>12 de Dano de Ataque mais 3 por Campeão abatido</physicalDamage> por 90s.</mainText>",,750,2800,1960,"[""3134"",""3133""]",,"[""Damage"",""Active"",""CooldownReduction"",""ArmorPenetration"",""AbilityHaste""]","{""FlatPhysicalDamageMod"":55}",,true,true,false,3,,https://ddragon.leagueoflegends.com/cdn/16.19.1/img/item/6697.png,https://ddragon.leagueoflegends.com/cdn/16.19.1/data/pt_BR/item.json,,,,,,,,55,,,,
16.19.1,2026-09-25T01:42:44.216Z,6698,Hidra Profana,"55 de Dano de Ataque
18 de Letalidade
10 de Aceleração de Habilidade

Fenda
Ataques causam Dano Físico a inimigos próximos.

Fenda Herege
Causa Dano Físico ao seu redor.",<mainText><stats><attention>55</attention> de Dano de Ataque<br><attention>18</attention> de Letalidade<br><attention>10</attention> de Aceleração de Habilidade</stats><br><br><passive>Fenda</passive><br>Ataques causam <physicalDamage>Dano Físico</physicalDamage> a inimigos próximos.<br><br><active>Fenda Herege</active><br>Causa <physicalDamage>Dano Físico</physicalDamage> ao seu redor.</mainText>,,313,2850,1995,"[""3077"",""2020""]",,"[""Damage"",""Active"",""CooldownReduction"",""ArmorPenetration"",""AbilityHaste""]","{""FlatPhysicalDamageMod"":55}",,true,true,false,3,,https://ddragon.leagueoflegends.com/cdn/16.19.1/img/item/6698.png,https://ddragon.leagueoflegends.com/cdn/16.19.1/data/pt_BR/item.json,,,,,,,,55,,,,
16.19.1,2026-09-25T01:42:44.216Z,6699,Cicloespada Voltaica,"55 de Dano de Ataque
10 de Letalidade
10 de Aceleração de Habilidade

Galvanizar
Causar dano a Campeões inimigos com uma habilidade ativa Energizado se o efeito estiver pronto.

Firmamento
Seu Ataque Energizado causa % da Vida atual do alvo como Dano Físico adicional e concede a você Letalidade adicional por 4s.",<mainText><stats><attention>55</attention> de Dano de Ataque<br><attention>10</attention> de Letalidade<br><attention>10</attention> de Aceleração de Habilidade</stats><br><br><passive>Galvanizar</passive><br>Causar dano a Campeões inimigos com uma habilidade ativa <keyword>Energizado</keyword> se o efeito estiver pronto.<br><br><passive>Firmamento</passive><br>Seu <keyword>Ataque Energizado</keyword> causa <physicalDamage>% da Vida atual do alvo como Dano Físico adicional</physicalDamage> e concede a você <scaleLethality>Letalidade adicional</scaleLethality> por 4s.</mainText>,,963,3000,2100,"[""2020"",""1036"",""1036""]",,"[""Damage"",""Active"",""CooldownReduction"",""ArmorPenetration"",""AbilityHaste""]","{""FlatPhysicalDamageMod"":55}",,true,true,false,3,,https://ddragon.leagueoflegends.com/cdn/16.19.1/img/item/6699.png,https://ddragon.leagueoflegends.com/cdn/16.19.1/data/pt_BR/item.json,,,,,,,,55,,,,
16.19.1,2026-09-25T01:42:44.216Z,8010,Maldição Sanguinária,"65 de Poder de Habilidade
400 de Vida
15 de Aceleração de Habilidade

Decadência Vil
Causar Dano Mágico com habilidades ou passivas a Campeões reduz a Resistência Mágica deles em 7.5% por 6s (acumula 4x).",<mainText><stats><attention>65</attention> de Poder de Habilidade<br><attention>400</attention> de Vida<br><attention>15</attention> de Aceleração de Habilidade</stats><br><br><passive>Decadência Vil</passive><br>Causar <magicDamage>Dano Mágico</magicDamage> com habilidades ou passivas a Campeões reduz a <scaleMR>Resistência Mágica deles em 7.5%</scaleMR> por 6s (acumula 4x).</mainText>,,750,2900,2030,"[""3147"",""3108""]",,"[""Health"",""SpellDamage"",""CooldownReduction"",""MagicPenetration""]","{""FlatHPPoolMod"":400,""FlatMagicDamageMod"":65}",,true,true,false,3,,https://ddragon.leagueoflegends.com/cdn/16.19.1/img/item/8010.png,https://ddragon.leagueoflegends.com/cdn/16.19.1/data/pt_BR/item.json,,,400,,,65,,,,,,
16.19.1,2026-09-25T01:42:44.216Z,8020,Máscara Abissal,"350 de Vida
45 de Resistência Mágica
15 de Aceleração de Habilidade

Destroçar
Campeões inimigos próximos sofrem 12% a mais de Dano Mágico.",<mainText><stats><attention>350</attention> de Vida<br><attention>45</attention> de Resistência Mágica<br><attention>15</attention> de Aceleração de Habilidade</stats><br><br><passive>Destroçar</passive><br>Campeões inimigos próximos sofrem 12% a mais de <magicDamage>Dano Mágico</magicDamage>.</mainText>,,1000,2650,1855,"[""3067"",""1057""]",,"[""Health"",""SpellBlock"",""CooldownReduction"",""MagicResist"",""AbilityHaste""]","{""FlatSpellBlockMod"":45,""FlatHPPoolMod"":350}",,true,true,false,3,,https://ddragon.leagueoflegends.com/cdn/16.19.1/img/item/8020.png,https://ddragon.leagueoflegends.com/cdn/16.19.1/data/pt_BR/item.json,,,350,,,,,,45,,,
16.19.1,2026-09-25T01:42:44.216Z,322065,Hino Bélico de Shurelya,"65 de Poder de Habilidade
15 de Aceleração de Habilidade
6% de Velocidade de Movimento
150% de Regeneração de Mana base

Discurso Inspirador
Concede aos aliados próximos 30% de Velocidade de Movimento por 4s.",<mainText><stats><attention>65</attention> de Poder de Habilidade<br><attention>15</attention> de Aceleração de Habilidade<br><attention>6%</attention> de Velocidade de Movimento<br><attention>150%</attention> de Regeneração de Mana base</stats><br><br><active>Discurso Inspirador</active><br>Concede aos aliados próximos <speed>30% de Velocidade de Movimento</speed> por 4s.</mainText>,,800,2600,1820,"[""3113"",""4642""]",,"[""SpellDamage"",""ManaRegen"",""Active"",""CooldownReduction"",""NonbootsMovement"",""AbilityHaste""]","{""FlatMagicDamageMod"":65,""PercentMovementSpeedMod"":0.06}",,true,true,false,3,,https://ddragon.leagueoflegends.com/cdn/16.19.1/img/item/322065.png,https://ddragon.leagueoflegends.com/cdn/16.19.1/data/pt_BR/item.json,,,,,,65,,,,,,0.06
16.19.1,2026-09-25T01:42:44.216Z,322526,Tiara Sussurrante,"200 de Vida
8% de Cura e Resistência do Escudo
75% de Regeneração de Mana base
300 de Mana

Harmonia
Recebe 0% de Potência de Escudo e Cura.

Fluxo de Mana (8s, máx. de 5 cargas)
Acertar Habilidades concede 4 de Mana máximo (dobrado contra Campeões).
Transforma-se em Diadema de Canções com 360 de Mana máximo.","<mainText><stats><attention>200</attention> de Vida<br><attention>8%</attention> de Cura e Resistência do Escudo<br><attention>75%</attention> de Regeneração de Mana base<br><attention>300</attention> de Mana</stats><br><br><passive>Harmonia</passive><br>Recebe 0% de Potência de Escudo e Cura.<br><br><passive>Fluxo de Mana</passive> (8s, máx. de 5 cargas)<br>Acertar Habilidades concede <scaleMana>4 de Mana</scaleMana> máximo (dobrado contra Campeões).<br>Transforma-se em <rarityLegendary>Diadema de Canções</rarityLegendary> com <scaleMana>360 de Mana máximo</scaleMana>.</mainText>",,850,2250,1575,"[""3114"",""1028"",""323070""]","[""322530""]","[""Health"",""Mana"",""ManaRegen""]","{""FlatMPPoolMod"":300,""FlatHPPoolMod"":200}",,true,true,false,3,,https://ddragon.leagueoflegends.com/cdn/16.19.1/img/item/322526.png,https://ddragon.leagueoflegends.com/cdn/16.19.1/data/pt_BR/item.json,,,200,,300,,,,,,,
16.19.1,2026-09-25T01:42:44.216Z,323003,Cajado do Arcanjo,"70 de Poder de Habilidade
600 de Mana
25 de Aceleração de Habilidade

Fascínio
Recebe Poder de Habilidade equivalente a 1% do Mana adicional.

Fluxo de Mana (8s, máximo de 5 cargas)
Acertar Habilidades concede 9.5 de Mana máximo (dobrado contra Campeões).
Transforma-se em Abraço de Seraph com 360 de Mana máximo.","<mainText><stats><attention>70</attention> de Poder de Habilidade<br><attention>600</attention> de Mana<br><attention>25</attention> de Aceleração de Habilidade</stats><br><br><passive>Fascínio</passive><br>Recebe Poder de Habilidade equivalente a <scaleMana>1% do Mana adicional</scaleMana>.<br><br><passive>Fluxo de Mana</passive> (8s, máximo de 5 cargas)<br>Acertar Habilidades concede <scaleMana>9.5 de Mana máximo</scaleMana> (dobrado contra Campeões).<br>Transforma-se em <rarityLegendary>Abraço de Seraph</rarityLegendary> com <scaleMana>360 de Mana máximo</scaleMana>.</mainText>",,450,2900,2030,"[""323070"",""3802"",""3108""]",,"[""SpellDamage"",""Mana"",""AbilityHaste""]","{""FlatMPPoolMod"":600,""FlatMagicDamageMod"":70}",,true,true,false,3,,https://ddragon.leagueoflegends.com/cdn/16.19.1/img/item/323003.png,https://ddragon.leagueoflegends.com/cdn/16.19.1/data/pt_BR/item.json,,,,,600,70,,,,,,
16.19.1,2026-09-25T01:42:44.216Z,323004,Manamune,"35 de Dano de Ataque
500 de Mana
15 de Aceleração de Habilidade

Fascínio
Recebe 0 de Dano de Ataque adicional.

Fluxo de Mana (8s, máximo de 4 cargas)
Acertar Ataques e Habilidades concede 6.5 de Mana máximo (dobrado contra Campeões).
Transforma-se em Muramana com 360 de Mana máximo.","<mainText><stats><attention>35</attention> de Dano de Ataque<br><attention>500</attention> de Mana<br><attention>15</attention> de Aceleração de Habilidade</stats><br><br><passive>Fascínio</passive><br>Recebe <scaleAD>0 de Dano de Ataque adicional</scaleAD>.<br><br><passive>Fluxo de Mana</passive> (8s, máximo de 4 cargas)<br>Acertar Ataques e Habilidades concede <scaleMana>6.5 de Mana máximo</scaleMana> (dobrado contra Campeões).<br>Transforma-se em <rarityLegendary>Muramana</rarityLegendary> com <scaleMana>360 de Mana máximo</scaleMana>.</mainText>",,1100,2900,2030,"[""323070"",""3133"",""1036""]",,"[""Damage"",""Mana"",""CooldownReduction"",""OnHit"",""AbilityHaste""]","{""FlatMPPoolMod"":500,""FlatPhysicalDamageMod"":35}",,true,true,false,3,,https://ddragon.leagueoflegends.com/cdn/16.19.1/img/item/323004.png,https://ddragon.leagueoflegends.com/cdn/16.19.1/data/pt_BR/item.json,,,,,500,,,35,,,,
16.19.1,2026-09-25T01:42:44.216Z,323050,Convergência de Zeke,"350 de Vida
30 de Armadura
30 de Resistência Mágica
10 de Aceleração de Habilidade

Tempestade do Raio de Gelo
Conjurar sua ultimate invoca uma tempestade ao seu redor por 5s. A tempestade causa 30 de Dano Mágico por segundo e 30% de Lentidão a Campeões inimigos.",<mainText><stats><attention>350</attention> de Vida<br><attention>30</attention> de Armadura<br><attention>30</attention> de Resistência Mágica<br><attention>10</attention> de Aceleração de Habilidade</stats><br><br><passive>Tempestade do Raio de Gelo</passive><br>Conjurar sua ultimate invoca uma tempestade ao seu redor por 5s. A tempestade causa <magicDamage>30 de Dano Mágico</magicDamage> por segundo e 30% de <keyword>Lentidão</keyword> a Campeões inimigos.</mainText>,,800,2300,1610,"[""1029"",""3067"",""1033""]",,"[""Health"",""SpellBlock"",""Armor"",""AbilityHaste""]","{""FlatSpellBlockMod"":30,""FlatHPPoolMod"":350,""FlatArmorMod"":30}",,true,true,false,3,,https://ddragon.leagueoflegends.com/cdn/16.19.1/img/item/323050.png,https://ddragon.leagueoflegends.com/cdn/16.19.1/data/pt_BR/item.json,30,,350,,,,,,30,,,
16.19.1,2026-09-25T01:42:44.216Z,323070,Lágrima da Deusa,"240 de Mana

Fluxo de Mana (8s, máximo de 4 cargas)
Acertar Habilidades concede 6.5 de Mana máximo (dobrado contra Campeões), até 360.

Ajudinha
Ataques causam 5 de Dano Físico adicional a tropas.","<mainText><stats><attention>240</attention> de Mana</stats><br><br><passive>Fluxo de Mana</passive> (8s, máximo de 4 cargas)<br>Acertar Habilidades concede <scaleMana>6.5 de Mana máximo</scaleMana> (dobrado contra Campeões), até <scaleMana>360</scaleMana>.<br><br><passive>Ajudinha</passive><br>Ataques causam <physicalDamage>5 de Dano Físico</physicalDamage> adicional a tropas.</mainText>",,400,400,280,,"[""3003"",""3004"",""323003"",""323004"",""322526"",""323119""]","[""Mana"",""ManaRegen""]","{""FlatMPPoolMod"":240}",,true,true,false,,,https://ddragon.leagueoflegends.com/cdn/16.19.1/img/item/323070.png,https://ddragon.leagueoflegends.com/cdn/16.19.1/data/pt_BR/item.json,,,,,240,,,,,,,
16.19.1,2026-09-25T01:42:44.216Z,323075,Armadura de Espinhos,"200 de Vida
85 de Armadura

Espinhos
Ao ser atingido por um Ataque, causa Dano Mágico ao atacante e aplica 40% de Ferimentos por 3s se ele for um Campeão.","<mainText><stats><attention>200</attention> de Vida<br><attention>85</attention> de Armadura</stats><br><br><passive>Espinhos</passive><br>Ao ser atingido por um Ataque, causa <magicDamage>Dano Mágico</magicDamage> ao atacante e aplica 40% de <keyword>Ferimentos</keyword> por 3s se ele for um Campeão.</mainText>",,650,2650,1855,"[""3076"",""1031"",""1028""]",,"[""Health"",""Armor""]","{""FlatHPPoolMod"":200,""FlatArmorMod"":85}",,true,true,false,3,,https://ddragon.leagueoflegends.com/cdn/16.19.1/img/item/323075.png,https://ddragon.leagueoflegends.com/cdn/16.19.1/data/pt_BR/item.json,85,,200,,,,,,,,,
16.19.1,2026-09-25T01:42:44.216Z,323107,Redenção,"30 de Poder de Habilidade
15 de Aceleração de Habilidade
100% de Regeneração de Mana base
10% de Cura e Resistência do Escudo

Intervenção
Depois de 2,5s, restaura 150 - 350 da Vida das unidades aliadas e causa 10% da Vida máxima como Dano Verdadeiro a Campeões inimigos.","<mainText><stats><attention>30</attention> de Poder de Habilidade<br><attention>15</attention> de Aceleração de Habilidade<br><attention>100%</attention> de Regeneração de Mana base<br><attention>10%</attention> de Cura e Resistência do Escudo</stats><br><br><active>Intervenção</active><br>Depois de 2,5s, restaura <healing>150 - 350 da Vida</healing> das unidades aliadas e causa <trueDamage>10% da Vida máxima como Dano Verdadeiro</trueDamage> a Campeões inimigos.</mainText>",,1000,2800,1960,"[""3067"",""1028"",""3114""]",,"[""SpellDamage"",""ManaRegen"",""CooldownReduction"",""AbilityHaste""]","{""FlatHPPoolMod"":400,""FlatMagicDamageMod"":30}",,true,true,false,3,,https://ddragon.leagueoflegends.com/cdn/16.19.1/img/item/323107.png,https://ddragon.leagueoflegends.com/cdn/16.19.1/data/pt_BR/item.json,,,400,,,30,,,,,,
16.19.1,2026-09-25T01:42:44.216Z,323109,Juramento do Cavaleiro,"300 de Vida
50 de Armadura
10 de Aceleração de Habilidade
150% de Regeneração de Vida base

Sacrifício
Enquanto seu aliado Digno estiver próximo, você sofre 14% do dano sofrido por ele e se cura em 12% do dano causado por ele a Campeões.Pacto (0s)
Designa um aliado como Digno.","<mainText><stats><attention>300</attention> de Vida<br><attention>50</attention> de Armadura<br><attention>10</attention> de Aceleração de Habilidade<br><attention>150%</attention> de Regeneração de Vida base</stats><br><br><passive>Sacrifício</passive><br>Enquanto seu aliado <attention>Digno</attention> estiver próximo, você sofre 14% do dano sofrido por ele e se <healing>cura em 12%</healing> do dano causado por ele a Campeões.<active>Pacto</active> (0s)<br>Designa um aliado como <attention>Digno</attention>.</mainText>",,1000,2900,2030,"[""3067"",""1031"",""1006""]",,"[""Health"",""HealthRegen"",""Armor"",""Aura"",""Active"",""CooldownReduction"",""AbilityHaste""]","{""FlatHPPoolMod"":300,""FlatArmorMod"":50}",,true,true,false,3,,https://ddragon.leagueoflegends.com/cdn/16.19.1/img/item/323109.png,https://ddragon.leagueoflegends.com/cdn/16.19.1/data/pt_BR/item.json,50,,300,,,,,,,,,
16.19.1,2026-09-25T01:42:44.216Z,323110,Coração Congelado,"75 de Armadura
500 de Mana
25 de Aceleração de Habilidade

Carícia do Inverno
Reduz a Velocidade de Ataque dos Campeões próximos em 20%.",<mainText><stats><attention>75</attention> de Armadura<br><attention>500</attention> de Mana<br><attention>25</attention> de Aceleração de Habilidade</stats><br><br><passive>Carícia do Inverno</passive><br>Reduz a <attackSpeed>Velocidade de Ataque</attackSpeed> dos Campeões próximos em <attackSpeed>20%</attackSpeed>.</mainText>,,800,2700,1890,"[""3082"",""3024""]",,"[""Armor"",""Mana"",""Aura"",""CooldownReduction"",""AbilityHaste""]","{""FlatMPPoolMod"":500,""FlatArmorMod"":75}",,true,true,false,3,,https://ddragon.leagueoflegends.com/cdn/16.19.1/img/item/323110.png,https://ddragon.leagueoflegends.com/cdn/16.19.1/data/pt_BR/item.json,75,,,,500,,,,,,,
16.19.1,2026-09-25T01:42:44.216Z,323119,Aproximação Invernal,"550 de Vida
500 de Mana
15 de Aceleração de Habilidade

Fascínio
Recebe 0 de Vida.

Fluxo de Mana (8s, máximo de 4 cargas)
Acertar Ataques e Habilidades concede 6.5 de Mana máximo (dobrado contra Campeões).
Transforma-se em Fimbulwinter com 360 de Mana máximo.","<mainText><stats><attention>550</attention> de Vida<br><attention>500</attention> de Mana<br><attention>15</attention> de Aceleração de Habilidade</stats><br><br><passive>Fascínio</passive><br>Recebe <scaleHealth>0 de Vida</scaleHealth>.<br><br><passive>Fluxo de Mana</passive> (8s, máximo de 4 cargas)<br>Acertar Ataques e Habilidades concede <scaleMana>6.5 de Mana máximo</scaleMana> (dobrado contra Campeões).<br>Transforma-se em <rarityLegendary>Fimbulwinter</rarityLegendary> com <scaleMana>360 de Mana máximo</scaleMana>.</mainText>",,300,2400,1680,"[""323070"",""1011"",""3067""]",,"[""Health"",""Mana"",""AbilityHaste""]","{""FlatMPPoolMod"":500,""FlatHPPoolMod"":550}",,true,true,false,3,,https://ddragon.leagueoflegends.com/cdn/16.19.1/img/item/323119.png,https://ddragon.leagueoflegends.com/cdn/16.19.1/data/pt_BR/item.json,,,550,,500,,,,,,,
16.19.1,2026-09-25T01:42:44.216Z,323190,Medalhão dos Solari de Ferro,"250 de Vida
30 de Armadura
30 de Resistência Mágica
10 de Aceleração de Habilidade

Devoção
Concede a aliados próximos 290 - 360 de Escudo, e esse valor decai ao longo de 2.5s.","<mainText><stats><attention>250</attention> de Vida<br><attention>30</attention> de Armadura<br><attention>30</attention> de Resistência Mágica<br><attention>10</attention> de Aceleração de Habilidade</stats><br><br><active>Devoção</active><br>Concede a aliados próximos <shield>290 - 360 de Escudo</shield>, e esse valor decai ao longo de 2.5s.</mainText>",,1100,2600,1820,"[""3067"",""1029"",""1033""]",,"[""Health"",""SpellBlock"",""Armor"",""Aura"",""Active"",""MagicResist"",""AbilityHaste""]","{""FlatSpellBlockMod"":30,""FlatHPPoolMod"":250,""FlatArmorMod"":30}",,true,true,false,3,,https://ddragon.leagueoflegends.com/cdn/16.19.1/img/item/323190.png,https://ddragon.leagueoflegends.com/cdn/16.19.1/data/pt_BR/item.json,30,,250,,,,,,30,,,
16.19.1,2026-09-25T01:42:44.216Z,323222,Bênção de Mikael,"400 de Vida
100% de Regeneração de Mana base
15% de Cura e Resistência do Escudo
15 de Aceleração de Habilidade

Purificar
Remove todos os efeitos de Controle de Grupo de um Campeão aliado (exceto Arremesso ao Ar e Supressão) e restaura 100 - 250 de Vida.",<mainText><stats><attention>400</attention> de Vida<br><attention>100%</attention> de Regeneração de Mana base<br><attention>15%</attention> de Cura e Resistência do Escudo<br><attention>15</attention> de Aceleração de Habilidade</stats><br><br><active>Purificar</active><br>Remove todos os efeitos de Controle de Grupo de um Campeão aliado (exceto <keyword>Arremesso ao Ar</keyword> e <keyword>Supressão</keyword>) e restaura <healing>100 - 250 de Vida</healing>.</mainText>,,1000,2800,1960,"[""3067"",""1028"",""3114""]",,"[""Health"",""ManaRegen"",""Active"",""CooldownReduction"",""Tenacity"",""AbilityHaste""]","{""FlatHPPoolMod"":400}",,true,true,false,3,,https://ddragon.leagueoflegends.com/cdn/16.19.1/img/item/323222.png,https://ddragon.leagueoflegends.com/cdn/16.19.1/data/pt_BR/item.json,,,400,,,,,,,,,
16.19.1,2026-09-25T01:42:44.216Z,323504,Turíbulo Ardente,"55 de Poder de Habilidade
10% de Cura e Resistência do Escudo
150% de Regeneração de Mana base
6% de Velocidade de Movimento

Santificar
Curar um aliado ou conceder-lhe Escudo fortalece vocês dois por 6s, concedendo 25% de Velocidade de Ataque e 20 de Dano Mágico ao contato.","<mainText><stats><attention>55</attention> de Poder de Habilidade<br><attention>10%</attention> de Cura e Resistência do Escudo<br><attention>150%</attention> de Regeneração de Mana base<br><attention>6%</attention> de Velocidade de Movimento</stats><br><br><passive>Santificar</passive><br>Curar um aliado ou conceder-lhe Escudo fortalece vocês dois por 6s, concedendo <attackSpeed>25% de Velocidade de Ataque</attackSpeed> e <magicDamage>20 de Dano Mágico</magicDamage> <OnHit>ao contato</OnHit>.</mainText>",,700,2600,1820,"[""3113"",""1052"",""3114""]",,"[""AttackSpeed"",""SpellDamage"",""ManaRegen"",""NonbootsMovement""]","{""FlatMagicDamageMod"":55,""PercentMovementSpeedMod"":0.06}",,true,true,false,3,,https://ddragon.leagueoflegends.com/cdn/16.19.1/img/item/323504.png,https://ddragon.leagueoflegends.com/cdn/16.19.1/data/pt_BR/item.json,,,,,,55,,,,,,0.06
16.19.1,2026-09-25T01:42:44.216Z,324005,Mandato Imperial,"65 de Poder de Habilidade
15 de Aceleração de Habilidade
150% de Regeneração de Mana base

Controle
Recebe 20 de Aceleração de Habilidade para suas habilidades com efeitos de Imobilização.

Comando
Ao Imobilizar um Campeão inimigo, você aplica uma marca que o deixa 7% Vulnerável por 4s.","<mainText><stats><attention>65</attention> de Poder de Habilidade<br><attention>15</attention> de Aceleração de Habilidade<br><attention>150%</attention> de Regeneração de Mana base</stats><br><br><passive>Controle</passive><br>Recebe 20 de Aceleração de Habilidade para suas habilidades com efeitos de <keyword>Imobilização</keyword>.<br><br><passive>Comando</passive><br>Ao <keyword>Imobilizar</keyword> um Campeão inimigo, você aplica uma marca que o deixa 7% <Keyword>Vulnerável</Keyword> por 4s.<br></mainText>",,650,2400,1680,"[""1026"",""4642""]",,"[""SpellDamage"",""ManaRegen"",""CooldownReduction"",""AbilityHaste""]","{""FlatMagicDamageMod"":65}",,true,true,false,3,,https://ddragon.leagueoflegends.com/cdn/16.19.1/img/item/324005.png,https://ddragon.leagueoflegends.com/cdn/16.19.1/data/pt_BR/item.json,,,,,,65,,,,,,
16.19.1,2026-09-25T01:42:44.216Z,326616,Cajado Aquafluxo,"45 de Poder de Habilidade
10% de Cura e Resistência do Escudo
150% de Regeneração de Mana base
10 de Aceleração de Habilidade

Corredeira
Conceder cura ou Escudo a um aliado concede a vocês dois 40 de Poder de Habilidade e 15 de Aceleração de Habilidade por 6s.",<mainText><stats><attention>45</attention> de Poder de Habilidade<br><attention>10%</attention> de Cura e Resistência do Escudo<br><attention>150%</attention> de Regeneração de Mana base<br><attention>10</attention> de Aceleração de Habilidade</stats><br><br><passive>Corredeira</passive><br>Conceder cura ou Escudo a um aliado concede a vocês dois <magicDamage>40 de Poder de Habilidade</magicDamage> e <attention>15 de Aceleração de Habilidade</attention> por 6s.</mainText>,,750,2600,1820,"[""3108"",""1052"",""3114""]",,"[""SpellDamage"",""ManaRegen"",""CooldownReduction"",""AbilityHaste""]","{""FlatMagicDamageMod"":45}",,true,true,false,3,,https://ddragon.leagueoflegends.com/cdn/16.19.1/img/item/326616.png,https://ddragon.leagueoflegends.com/cdn/16.19.1/data/pt_BR/item.json,,,,,,45,,,,,,
16.19.1,2026-09-25T01:42:44.216Z,326617,Regenerador de Pedra Lunar,"35 de Poder de Habilidade
400 de Vida
20 de Aceleração de Habilidade
150% de Regeneração de Mana base

Graça Estrelada
Curar um aliado ou conceder Escudo a ele ativa um efeito em cadeia em outro aliado (menos em si), curando-o em 30% ou concedendo a ele um Escudo de 35% do valor original.","<mainText><stats><attention>35</attention> de Poder de Habilidade<br><attention>400</attention> de Vida<br><attention>20</attention> de Aceleração de Habilidade<br><attention>150%</attention> de Regeneração de Mana base</stats><br><br><passive>Graça Estrelada</passive><br>Curar um aliado ou conceder Escudo a ele ativa um efeito em cadeia em outro aliado (menos em si), <healing>curando-o em 30%</healing> ou concedendo a ele um <shield>Escudo de 35%</shield> do valor original.</mainText>",,800,2900,2030,"[""3067"",""1028"",""4642""]",,"[""Health"",""SpellDamage"",""ManaRegen"",""CooldownReduction"",""AbilityHaste""]","{""FlatHPPoolMod"":400,""FlatMagicDamageMod"":35}",,true,true,false,3,,https://ddragon.leagueoflegends.com/cdn/16.19.1/img/item/326617.png,https://ddragon.leagueoflegends.com/cdn/16.19.1/data/pt_BR/item.json,,,400,,,35,,,,,,
16.19.1,2026-09-25T01:42:44.216Z,326620,Ecos de Helia,"35 de Poder de Habilidade
250 de Vida
20 de Aceleração de Habilidade
150% de Regeneração de Mana base

Sifão da Alma
Recebe 30% do dano pré-mitigação causado a Campeões como Cargas de Alma. Conceder curas ou Escudos a um aliado consome todas as Cargas de Alma para restaurar Vida.",<mainText><stats><attention>35</attention> de Poder de Habilidade<br><attention>250</attention> de Vida<br><attention>20</attention> de Aceleração de Habilidade<br><attention>150%</attention> de Regeneração de Mana base</stats><br><br><passive>Sifão da Alma</passive><br>Recebe 30% do dano pré-mitigação causado a Campeões como Cargas de Alma. Conceder curas ou Escudos a um aliado consome todas as <passive>Cargas de Alma</passive> para restaurar <healing>Vida</healing>.</mainText>,,900,2600,1820,"[""3067"",""4642""]",,"[""Health"",""SpellDamage"",""ManaRegen"",""CooldownReduction"",""AbilityHaste""]","{""FlatHPPoolMod"":250,""FlatMagicDamageMod"":35}",,true,true,false,3,,https://ddragon.leagueoflegends.com/cdn/16.19.1/img/item/326620.png,https://ddragon.leagueoflegends.com/cdn/16.19.1/data/pt_BR/item.json,,,250,,,35,,,,,,
16.19.1,2026-09-25T01:42:44.216Z,326621,Auronúcleo,"50 de Poder de Habilidade
20% de Cura e Resistência do Escudo
150% de Regeneração de Mana base

Primeira Luz
Recebe 2% de cura e Resistência do Escudo e 10 de Poder de Habilidade a cada 100% de Regeneração de Mana base.",<mainText><stats><attention>50</attention> de Poder de Habilidade<br><attention>20%</attention> de Cura e Resistência do Escudo<br><attention>150%</attention> de Regeneração de Mana base</stats><br><br><passive>Primeira Luz</passive><br>Recebe <healing>2% de cura e Resistência do Escudo</healing> e <scaleAP>10 de Poder de Habilidade</scaleAP> a cada 100% de Regeneração de Mana base.</mainText>,,850,2900,2030,"[""1026"",""3114"",""3114""]",,"[""SpellDamage"",""ManaRegen""]","{""FlatMagicDamageMod"":50}",,true,true,false,3,,https://ddragon.leagueoflegends.com/cdn/16.19.1/img/item/326621.png,https://ddragon.leagueoflegends.com/cdn/16.19.1/data/pt_BR/item.json,,,,,,50,,,,,,
16.19.1,2026-09-25T01:42:44.216Z,326657,Bastão das Eras,"45 de Poder de Habilidade
350 de Vida
500 de Mana

Atemporal
Este item ganha 10 de Vida, 30 de Mana e 3 de Poder de Habilidade a cada 60s até 10 vezes. Com o máximo de acúmulos, recebe um nível.

Eternidade
Sofrer dano de Campeões restaura 10% do dano como Mana.
Conjurar uma Habilidade cura o equivalente a 25% do Mana gasto.","<mainText><stats><attention>45</attention> de Poder de Habilidade<br><attention>350</attention> de Vida<br><attention>500</attention> de Mana</stats><br><br><passive>Atemporal</passive><br>Este item ganha <scaleHealth>10 de Vida</scaleHealth>, <scaleMana>30 de Mana</scaleMana> e <scaleAP>3 de Poder de Habilidade</scaleAP> a cada 60s até 10 vezes. Com o máximo de acúmulos, recebe um nível.<br><br><passive>Eternidade</passive><br>Sofrer dano de Campeões restaura <scaleMana>10%</scaleMana> do dano como <scaleMana>Mana</scaleMana>. <br>Conjurar uma Habilidade <healing>cura o equivalente a 25%</healing> do Mana gasto.</mainText>",,450,2600,1820,"[""1026"",""3803""]",,"[""Health"",""HealthRegen"",""SpellDamage"",""Mana"",""ManaRegen""]","{""FlatMPPoolMod"":500,""FlatHPPoolMod"":350,""FlatMagicDamageMod"":45}",,true,true,false,3,,https://ddragon.leagueoflegends.com/cdn/16.19.1/img/item/326657.png,https://ddragon.leagueoflegends.com/cdn/16.19.1/data/pt_BR/item.json,,,350,,500,45,,,,,,
16.19.1,2026-09-25T01:42:44.216Z,328020,Máscara Abissal,"350 de Vida
50 de Resistência Mágica
15 de Aceleração de Habilidade

Destroçar
Campeões inimigos próximos sofrem 12% a mais de Dano Mágico.",<mainText><stats><attention>350</attention> de Vida<br><attention>50</attention> de Resistência Mágica<br><attention>15</attention> de Aceleração de Habilidade</stats><br><br><passive>Destroçar</passive><br>Campeões inimigos próximos sofrem 12% a mais de <magicDamage>Dano Mágico</magicDamage>.</mainText>,,1200,2850,1995,"[""3067"",""1057""]",,"[""Health"",""SpellBlock"",""CooldownReduction"",""MagicResist"",""AbilityHaste""]","{""FlatSpellBlockMod"":50,""FlatHPPoolMod"":350}",,true,true,false,3,,https://ddragon.leagueoflegends.com/cdn/16.19.1/img/item/328020.png,https://ddragon.leagueoflegends.com/cdn/16.19.1/data/pt_BR/item.json,,,350,,,,,,50,,,
16.19.1,2026-09-25T01:42:44.216Z,663039,Acerto de Contas de Atma,"500 de Vida
20% de Chance de Acerto Crítico

Monumental
Recebe 0-30% de Chance de Acerto Crítico que escala com sua Vida adicional.",<mainText><stats><attention>500</attention> de Vida<br><attention>20%</attention> de Chance de Acerto Crítico</stats><br><br><passive>Monumental</passive><br>Recebe 0-30% de Chance de Acerto Crítico que escala com sua <scaleHealth>Vida adicional</scaleHealth>.</mainText>,,2500,2500,1250,,,"[""Health"",""CriticalStrike"",""Lane""]","{""FlatHPPoolMod"":500,""FlatCritChanceMod"":0.2}",,true,true,false,,,https://ddragon.leagueoflegends.com/cdn/16.19.1/img/item/663039.png,https://ddragon.leagueoflegends.com/cdn/16.19.1/data/pt_BR/item.json,,0.2,500,,,,,,,,,
16.19.1,2026-09-25T01:42:44.216Z,663056,Coroa do Rei Demoníaco,"Supremacia
Aumenta Vida, Armadura, Resistência Mágica, Dano de Ataque, Poder de Habilidade, Velocidade de Ataque e Aceleração de Habilidade em 20%, que aumenta em 0% por eliminação e em -3% por morte após a aquisição do item.","<mainText><stats></stats><br><br><passive>Supremacia</passive><br>Aumenta Vida, Armadura, Resistência Mágica, Dano de Ataque, Poder de Habilidade, Velocidade de Ataque e Aceleração de Habilidade em 20%, que aumenta em 0% por eliminação e em -3% por morte após a aquisição do item.</mainText>",,2500,2500,1000,,,"[""Health"",""Armor"",""Damage"",""AttackSpeed"",""SpellDamage"",""MagicResist"",""AbilityHaste""]",{},,true,true,false,,,https://ddragon.leagueoflegends.com/cdn/16.19.1/img/item/663056.png,https://ddragon.leagueoflegends.com/cdn/16.19.1/data/pt_BR/item.json,,,,,,,,,,,,
16.19.1,2026-09-25T01:42:44.216Z,663058,Escudo de Rocha Fundida,"250 de Vida
80 de Armadura

Inabalável como a Terra
Aumenta sua Armadura em 20% e concede Chance de Bloqueio com base na sua Armadura.",<mainText><stats><attention>250</attention> de Vida<br><attention>80</attention> de Armadura</stats><br><br><passive>Inabalável como a Terra</passive><br>Aumenta sua Armadura em 20% e concede Chance de Bloqueio com base na sua Armadura.</mainText>,,2500,2500,1000,,,"[""Health"",""Armor""]","{""FlatHPPoolMod"":250,""FlatArmorMod"":80}",,true,true,false,,,https://ddragon.leagueoflegends.com/cdn/16.19.1/img/item/663058.png,https://ddragon.leagueoflegends.com/cdn/16.19.1/data/pt_BR/item.json,80,,250,,,,,,,,,
16.19.1,2026-09-25T01:42:44.216Z,663059,Manto da Noite Estrelada,"250 de Vida
60 de Resistência Mágica

Inesgotável como as Estrelas
Aumenta sua Resistência Mágica em 10%. Reduz todo o dano sofrido de fontes que não sejam ataques básicos em uma porcentagem, escalando com sua Resistência Mágica até 25%.","<mainText><stats><attention>250</attention> de Vida<br><attention>60</attention> de Resistência Mágica</stats><br><br><passive>Inesgotável como as Estrelas</passive><br>Aumenta sua <scaleMR>Resistência Mágica</scaleMR> em 10%. Reduz todo o dano sofrido de fontes que não sejam ataques básicos em uma porcentagem, escalando com sua <scaleMR>Resistência Mágica</scaleMR> até 25%.</mainText>",,2500,2500,1000,,,"[""Health"",""SpellBlock""]","{""FlatSpellBlockMod"":60,""FlatHPPoolMod"":250}",,true,true,false,,,https://ddragon.leagueoflegends.com/cdn/16.19.1/img/item/663059.png,https://ddragon.leagueoflegends.com/cdn/16.19.1/data/pt_BR/item.json,,,250,,,,,,60,,,
16.19.1,2026-09-25T01:42:44.216Z,663060,Espada do Divino,"90 de Força Adaptativa
50% de Chance de Acerto Crítico

Trucidar
Cada Acerto Crítico causa Dano de Acerto Crítico adicional aleatório, escalando até 50% da sua Chance de Acerto Crítico.","<mainText><stats><attention>90</attention> de Força Adaptativa<br><attention>50%</attention> de Chance de Acerto Crítico</stats><br><br><passive>Trucidar</passive><br>Cada Acerto Crítico causa <keyword>Dano de Acerto Crítico adicional</keyword> aleatório, escalando até 50% da sua Chance de Acerto Crítico.</mainText>",,2500,2500,1000,,,"[""Damage"",""CriticalStrike"",""SpellDamage""]","{""FlatCritChanceMod"":0.5}",,true,true,false,,,https://ddragon.leagueoflegends.com/cdn/16.19.1/img/item/663060.png,https://ddragon.leagueoflegends.com/cdn/16.19.1/data/pt_BR/item.json,,0.5,,,,,,,,,,
16.19.1,2026-09-25T01:42:44.216Z,663064,Talismã da Ascensão de Veigar,"Recebe 100% de experiência adicional

Não concede atributos e não pode ser vendido...

Mas vale a pena se você chegar ao nível 30.",<mainText><stats></stats><br><br>Recebe 100% de experiência adicional<br><br>Não concede atributos e não pode ser vendido...<br><br>Mas vale a pena se você chegar ao nível 30.</mainText>,,900,900,0,,,[],{},,true,true,false,,,https://ddragon.leagueoflegends.com/cdn/16.19.1/img/item/663064.png,https://ddragon.leagueoflegends.com/cdn/16.19.1/data/pt_BR/item.json,,,,,,,,,,,,
16.19.1,2026-09-25T01:42:44.216Z,663146,Pistola Laminar Hextec,"90 de Poder de Habilidade
45 de Dano de Ataque
15% de Vampirismo Universal

ATIVOS (0s)
Disparo Elétrico
Dá um choque no Campeão-alvo inimigo, causando 0 de Dano Mágico e 40% de Lentidão por 2s.","<mainText><stats><attention>90</attention> de Poder de Habilidade<br><attention>45</attention> de Dano de Ataque<br><attention>15%</attention> de Vampirismo Universal</stats><br><br><br><br><active>ATIVOS</active> (0s)<br><active>Disparo Elétrico</active><br>Dá um choque no Campeão-alvo inimigo, causando <magicDamage>0 de Dano Mágico</magicDamage> e 40% de <status>Lentidão</status> por 2s.</mainText>",,2500,2500,1250,,,"[""Damage"",""LifeSteal"",""SpellDamage"",""Active"",""SpellVamp""]","{""FlatMagicDamageMod"":90,""FlatPhysicalDamageMod"":45}",,true,true,false,,,https://ddragon.leagueoflegends.com/cdn/16.19.1/img/item/663146.png,https://ddragon.leagueoflegends.com/cdn/16.19.1/data/pt_BR/item.json,,,,,,90,,45,,,,
16.19.1,2026-09-25T01:42:44.216Z,663172,Zéfiro,"40% de Velocidade de Ataque
8% de Velocidade de Movimento
25 de Aceleração de Habilidade
20% de Tenacidade

Tal Qual o Vento
Recebe 5% de Velocidade de Movimento ao contato por 6s, acumulando até 25% de Velocidade de Movimento.","<mainText><stats><attention>40%</attention> de Velocidade de Ataque<br><attention>8%</attention> de Velocidade de Movimento<br><attention>25</attention> de Aceleração de Habilidade<br><attention>20%</attention> de Tenacidade</stats><br><br><passive>Tal Qual o Vento</passive><br>Recebe 5% de Velocidade de Movimento <OnHit>ao contato</OnHit> por 6s, acumulando até 25% de Velocidade de Movimento.</mainText>",,2500,2500,1250,,,"[""AttackSpeed"",""CooldownReduction"",""OnHit"",""NonbootsMovement"",""Tenacity""]","{""PercentAttackSpeedMod"":0.4,""PercentMovementSpeedMod"":0.08}",,true,true,false,,,https://ddragon.leagueoflegends.com/cdn/16.19.1/img/item/663172.png,https://ddragon.leagueoflegends.com/cdn/16.19.1/data/pt_BR/item.json,,,,,,,,,,0.4,,0.08
16.19.1,2026-09-25T01:42:44.216Z,663193,Placa Gargolítica,"55 de Armadura
55 de Resistência Mágica
10 de Aceleração de Habilidade
8% de Velocidade de Movimento

Ativo – Inquebrável: recebe um Escudo que decai e cresce em tamanho.",<mainText><stats><attention>55</attention> de Armadura<br><attention>55</attention> de Resistência Mágica<br><attention>10</attention> de Aceleração de Habilidade<br><attention>8%</attention> de Velocidade de Movimento</stats><br><br><active>Ativo –</active> <active>Inquebrável:</active> recebe um Escudo que decai e cresce em tamanho.</mainText>,,2500,2500,1000,,,"[""SpellBlock"",""Armor"",""Active"",""CooldownReduction"",""AbilityHaste""]","{""FlatSpellBlockMod"":55,""FlatArmorMod"":55,""PercentMovementSpeedMod"":0.08}",,true,true,false,,,https://ddragon.leagueoflegends.com/cdn/16.19.1/img/item/663193.png,https://ddragon.leagueoflegends.com/cdn/16.19.1/data/pt_BR/item.json,55,,,,,,,,55,,,0.08
16.19.1,2026-09-25T01:42:44.216Z,664011,Espada da Alvorada Florescente,"35 de Poder de Habilidade
150 de Vida
10% de Cura e Resistência do Escudo
10 de Aceleração de Habilidade

Efervescência
Recebe +1% de Velocidade de Ataque a cada 1% de Resistência do Escudo e Cura que você tiver.

Refrescância
ao contato, cura o Campeão aliado com a Vida mais baixa que está perto de você em 0 de Vida.","<mainText><stats><attention>35</attention> de Poder de Habilidade<br><attention>150</attention> de Vida<br><attention>10%</attention> de Cura e Resistência do Escudo<br><attention>10</attention> de Aceleração de Habilidade</stats><br><br><passive>Efervescência</passive><br>Recebe +<attackSpeed>1% de Velocidade de Ataque</attackSpeed> a cada <healing>1% de Resistência do Escudo e Cura</healing> que você tiver. <br><br><passive>Refrescância</passive><br><OnHit>ao contato</OnHit>, <healing>cura o Campeão aliado com a Vida mais baixa</healing> que está perto de você em 0 de Vida.</mainText>",,2500,2500,1250,,,"[""Health"",""SpellDamage"",""CooldownReduction"",""OnHit"",""AbilityHaste""]","{""FlatHPPoolMod"":150,""FlatMagicDamageMod"":35}",,true,true,false,,,https://ddragon.leagueoflegends.com/cdn/16.19.1/img/item/664011.png,https://ddragon.leagueoflegends.com/cdn/16.19.1/data/pt_BR/item.json,,,150,,,35,,,,,,
16.19.1,2026-09-25T01:42:44.216Z,664644,Coroa da Rainha Despedaçada,"65 de Poder de Habilidade
250 de Vida
600 de Mana
15 de Aceleração de Habilidade

Proteção
Você recebe Proteção e sofre 40% a menos de dano de Campeões. A Proteção permanece por 3s depois de sofrer dano de Campeões. (0s).

O Tempo de Recarga do item é reiniciado ao sofrer dano de Campeões.",<mainText><stats><attention>65</attention> de Poder de Habilidade<br><attention>250</attention> de Vida<br><attention>600</attention> de Mana<br><attention>15</attention> de Aceleração de Habilidade</stats><br><br><passive>Proteção</passive><br>Você recebe <keywordMajor>Proteção</keywordMajor> e sofre 40% a menos de dano de Campeões. A <keywordMajor>Proteção</keywordMajor> permanece por 3s depois de sofrer dano de Campeões. (0s). <br><br><rules>O Tempo de Recarga do item é reiniciado ao sofrer dano de Campeões.</rules></mainText>,,2500,2500,1000,,,"[""Health"",""SpellDamage"",""Mana"",""AbilityHaste""]","{""FlatMPPoolMod"":600,""FlatHPPoolMod"":250,""FlatMagicDamageMod"":65}",,true,true,false,,,https://ddragon.leagueoflegends.com/cdn/16.19.1/img/item/664644.png,https://ddragon.leagueoflegends.com/cdn/16.19.1/data/pt_BR/item.json,,,250,,600,65,,,,,,
16.19.1,2026-09-25T01:42:44.216Z,667101,Lâmina do Apostador,"55 de Força Adaptativa
10 de Aceleração de Habilidade
15 de Letalidade
15 de Penetração Mágica
15% de Velocidade de Movimento

Ganhando Tempo
Eliminações de Campeões enquanto usa a Lâmina do Apostador atrasam a chegada do Veigar Chefão da Condenação em mais 10s. Morrer enquanto porta a Lâmina acelera a chegada dele em 10s (mas você não perderá tempo após a marca dos 14:30 minutos de partida).

Aposta Redobrada
Eliminações de Campeões geram um acúmulo, cada qual concedendo 10 de ouro adicional por abate. Você também sofre 5% a mais de dano por acúmulo. Perde todos os acúmulos ao morrer.","<mainText><stats><attention>55</attention> de Força Adaptativa<br><attention>10</attention> de Aceleração de Habilidade<br><attention>15</attention> de Letalidade<br><attention>15</attention> de Penetração Mágica<br><attention>15%</attention> de Velocidade de Movimento</stats><br><br><passive>Ganhando Tempo</passive><br>Eliminações de Campeões enquanto usa a Lâmina do Apostador atrasam a chegada do Veigar Chefão da Condenação em mais 10s. Morrer enquanto porta a Lâmina acelera a chegada dele em 10s (mas você não perderá tempo após a marca dos 14:30 minutos de partida).<br><br><passive>Aposta Redobrada</passive><br>Eliminações de Campeões geram um acúmulo, cada qual concedendo<gold> 10 de ouro adicional</gold> por abate. Você também sofre 5% a mais de dano por acúmulo. Perde todos os acúmulos ao morrer.</mainText>",,2500,2500,0,,,"[""Damage"",""NonbootsMovement"",""MagicPenetration"",""ArmorPenetration"",""AbilityHaste""]","{""PercentMovementSpeedMod"":0.15}",,true,true,false,,,https://ddragon.leagueoflegends.com/cdn/16.19.1/img/item/667101.png,https://ddragon.leagueoflegends.com/cdn/16.19.1/data/pt_BR/item.json,,,,,,,,,,,,0.15
16.19.1,2026-09-25T01:42:44.216Z,667109,Crueldade,"60 de Poder de Habilidade
25 de Armadura
25 de Resistência Mágica

Testemunhe a Queda
Ao Imobilizar ou Prender ao chão um Campeão inimigo, invoca um cometa sobre ele. O cometa atinge o alvo após 1s, causando 0 de Dano Mágico adicional na área. O efeito tem um Tempo de Recarga de 6s por alvo por conjuração.","<mainText><stats><attention>60</attention> de Poder de Habilidade<br><attention>25</attention> de Armadura<br><attention>25</attention> de Resistência Mágica</stats><br><br><passive>Testemunhe a Queda</passive><br>Ao <status>Imobilizar</status> ou <status>Prender ao chão</status> um Campeão inimigo, invoca um cometa sobre ele. O cometa atinge o alvo após 1s, causando <magicDamage>0 de Dano Mágico</magicDamage> adicional na área. O efeito tem um Tempo de Recarga de 6s por alvo por conjuração.</mainText>",,2500,2500,1000,,,"[""Armor"",""SpellDamage"",""MagicResist""]","{""FlatSpellBlockMod"":25,""FlatMagicDamageMod"":60,""FlatArmorMod"":25}",,true,true,false,,,https://ddragon.leagueoflegends.com/cdn/16.19.1/img/item/667109.png,https://ddragon.leagueoflegends.com/cdn/16.19.1/data/pt_BR/item.json,25,,,,,60,,,25,,,
16.19.1,2026-09-25T01:42:44.216Z,667112,Comecarne,"55 de Força Adaptativa
500 de Vida

Carne Despedaçada
Causar dano fragmenta 3 de Armadura e Resistência Mágica por 5s, acumulando até 10 vezes. A aplicação de acúmulos tem 1s de Tempo de Recarga por Habilidade.

Canibalizar
Ao eliminar um Campeão, rouba 10% dos atributos e do tamanho dele pelo resto da rodada.","<mainText><stats><attention>55</attention> de Força Adaptativa<br><attention>500</attention> de Vida</stats><br><br><passive>Carne Despedaçada</passive><br>Causar dano fragmenta 3 de <scaleArmor>Armadura</scaleArmor> e <scaleMR>Resistência Mágica</scaleMR> por 5s, acumulando até 10 vezes. A aplicação de acúmulos tem 1s de Tempo de Recarga por Habilidade.<br><br><passive>Canibalizar</passive><br>Ao eliminar um Campeão, rouba 10% dos atributos e do tamanho dele pelo resto da rodada.</mainText>",,2500,2500,1000,,,"[""Damage"",""SpellDamage"",""MagicPenetration"",""ArmorPenetration""]","{""FlatHPPoolMod"":500}",,true,true,false,,,https://ddragon.leagueoflegends.com/cdn/16.19.1/img/item/667112.png,https://ddragon.leagueoflegends.com/cdn/16.19.1/data/pt_BR/item.json,,,500,,,,,,,,,
16.19.1,2026-09-25T01:42:44.216Z,667666,A Coletora,"50 de Dano de Ataque
10 de Letalidade
25% de Chance de Acerto Crítico

Morte
Seu dano executa Campeões com menos de 5% de Vida.

Abrupta
Abates de Campeões concedem 25 de ouro adicional.",<mainText><stats><attention>50</attention> de Dano de Ataque<br><attention>10</attention> de Letalidade<br><attention>25%</attention> de Chance de Acerto Crítico</stats><br><br><passive>Morte</passive><br>Seu dano executa Campeões com menos de 5% de Vida.<br><br><passive>Abrupta</passive><br>Abates de Campeões concedem <gold>25 de ouro adicional</gold>.</mainText>,,525,3000,2100,"[""1037"",""3134"",""1018""]",,"[""Damage"",""CriticalStrike"",""ArmorPenetration""]","{""FlatCritChanceMod"":0.25,""FlatPhysicalDamageMod"":50}",,true,true,false,3,,https://ddragon.leagueoflegends.com/cdn/16.19.1/img/item/667666.png,https://ddragon.leagueoflegends.com/cdn/16.19.1/data/pt_BR/item.json,,0.25,,,,,,50,,,,
